Date,		Time,			Longitude,			Latitude,		Satellites,			Altitude,		VDOP,		HDOP,		Recording,		Speed
03/11/2017,	09:02:31,		008.542542,			047.411776,			6,				448.60,			5.02,		2.09,			0,			17.30
03/11/2017,	09:02:32,		008.542507,			047.411736,			6,				446.90,			5.02,		2.09,			0,			17.70
03/11/2017,	09:02:33,		008.542477,			047.411694,			6,				446.00,			5.02,		2.09,			0,			18.42
03/11/2017,	09:02:34,		008.542446,			047.411652,			6,				444.30,			5.02,		2.09,			0,			19.35
03/11/2017,	09:02:35,		008.542401,			047.411615,			6,				444.80,			5.02,		2.09,			0,			19.50
03/11/2017,	09:02:36,		008.542367,			047.411577,			6,				447.30,			5.02,		2.09,			0,			19.30
03/11/2017,	09:02:37,		008.542319,			047.411541,			6,				446.90,			5.02,		2.09,			0,			18.96
03/11/2017,	09:02:38,		008.542263,			047.411500,			6,				446.70,			5.02,		2.10,			0,			19.40
03/11/2017,	09:02:39,		008.542211,			047.411464,			6,				446.40,			5.02,		2.10,			0,			20.12
03/11/2017,	09:02:40,		008.542163,			047.411428,			6,				446.20,			5.02,		2.10,			0,			20.04
03/11/2017,	09:02:41,		008.542111,			047.411398,			6,				447.80,			5.02,		2.10,			0,			20.12
03/11/2017,	09:02:42,		008.542056,			047.411367,			6,				447.70,			5.02,		2.10,			0,			20.24
03/11/2017,	09:02:43,		008.542003,			047.411335,			6,				447.20,			5.02,		2.10,			0,			20.29
03/11/2017,	09:02:44,		008.541950,			047.411302,			6,				446.50,			5.02,		2.10,			0,			20.08
03/11/2017,	09:02:45,		008.541896,			047.411269,			6,				446.90,			5.02,		2.10,			0,			20.12
03/11/2017,	09:02:46,		008.541841,			047.411236,			6,				446.70,			5.02,		2.10,			0,			18.98
03/11/2017,	09:02:47,		008.541792,			047.411204,			6,				447.10,			5.02,		2.10,			0,			19.24
03/11/2017,	09:02:48,		008.541742,			047.411172,			6,				447.40,			5.02,		2.10,			0,			18.96
03/11/2017,	09:02:49,		008.541690,			047.411141,			6,				447.50,			5.02,		2.10,			0,			18.06
03/11/2017,	09:02:50,		008.541637,			047.411111,			6,				447.80,			5.02,		2.10,			0,			18.71
03/11/2017,	09:02:51,		008.541586,			047.411086,			6,				448.90,			5.02,		2.10,			0,			18.58
03/11/2017,	09:02:52,		008.541529,			047.411061,			6,				448.80,			5.02,		2.10,			0,			19.11
03/11/2017,	09:02:53,		008.541475,			047.411038,			6,				450.40,			5.02,		2.10,			0,			19.00
03/11/2017,	09:02:54,		008.541419,			047.411014,			6,				450.70,			5.02,		2.10,			0,			19.11
03/11/2017,	09:02:55,		008.541358,			047.410990,			6,				451.00,			5.02,		2.10,			0,			19.04
03/11/2017,	09:02:56,		008.541297,			047.410971,			6,				451.60,			5.02,		2.10,			0,			17.95
03/11/2017,	09:02:57,		008.541242,			047.410957,			6,				452.20,			5.02,		2.10,			0,			18.97
03/11/2017,	09:02:58,		008.541182,			047.410945,			6,				453.30,			5.02,		2.10,			0,			19.59
03/11/2017,	09:02:59,		008.541123,			047.410930,			6,				454.10,			5.02,		2.11,			0,			20.35
03/11/2017,	09:03:00,		008.541062,			047.410910,			6,				454.70,			5.02,		2.11,			0,			19.58
03/11/2017,	09:03:01,		008.540923,			047.410893,			7,				446.50,			4.72,		2.09,			0,			20.22
03/11/2017,	09:03:02,		008.540854,			047.410868,			7,				446.40,			4.72,		2.10,			0,			20.40
03/11/2017,	09:03:03,		008.540797,			047.410841,			7,				447.60,			4.72,		2.10,			0,			20.52
03/11/2017,	09:03:04,		008.540737,			047.410816,			7,				448.30,			4.72,		2.10,			0,			20.04
03/11/2017,	09:03:05,		008.540674,			047.410790,			7,				448.30,			4.73,		2.10,			0,			19.62
03/11/2017,	09:03:06,		008.540610,			047.410764,			7,				448.50,			4.73,		2.10,			0,			20.52
03/11/2017,	09:03:07,		008.540545,			047.410747,			7,				450.10,			4.73,		2.10,			0,			20.14
03/11/2017,	09:03:08,		008.540480,			047.410723,			7,				450.60,			4.73,		2.10,			0,			20.13
03/11/2017,	09:03:09,		008.540419,			047.410698,			7,				451.30,			4.73,		2.10,			0,			19.38
03/11/2017,	09:03:10,		008.540346,			047.410679,			7,				451.70,			4.73,		2.10,			0,			19.53
03/11/2017,	09:03:11,		008.540281,			047.410656,			7,				451.40,			4.73,		2.10,			0,			18.99
03/11/2017,	09:03:12,		008.540209,			047.410636,			7,				450.60,			4.73,		2.10,			0,			18.75
03/11/2017,	09:03:13,		008.540134,			047.410616,			7,				449.20,			4.73,		2.10,			0,			18.76
03/11/2017,	09:03:14,		008.540049,			047.410596,			7,				445.80,			4.73,		2.10,			0,			16.29
03/11/2017,	09:03:15,		008.539994,			047.410576,			7,				446.70,			4.74,		2.10,			0,			15.71
03/11/2017,	09:03:16,		008.539942,			047.410557,			7,				447.60,			4.74,		2.10,			0,			15.86
03/11/2017,	09:03:17,		008.539882,			047.410538,			7,				446.90,			4.74,		2.10,			0,			15.94
03/11/2017,	09:03:18,		008.539816,			047.410519,			7,				445.50,			4.74,		2.10,			0,			16.79
03/11/2017,	09:03:19,		008.539759,			047.410500,			7,				445.40,			4.74,		2.10,			0,			18.13
03/11/2017,	09:03:20,		008.539706,			047.410476,			7,				446.20,			4.74,		2.10,			0,			18.78
03/11/2017,	09:03:21,		008.539648,			047.410450,			7,				446.30,			4.74,		2.10,			0,			18.68
03/11/2017,	09:03:22,		008.539595,			047.410422,			7,				446.90,			4.74,		2.10,			0,			18.80
03/11/2017,	09:03:23,		008.539547,			047.410390,			7,				447.80,			4.74,		2.10,			0,			19.25
03/11/2017,	09:03:24,		008.539498,			047.410356,			7,				448.10,			4.74,		2.11,			0,			18.17
03/11/2017,	09:03:25,		008.539452,			047.410322,			7,				448.00,			4.75,		2.11,			0,			16.57
03/11/2017,	09:03:26,		008.539418,			047.410287,			7,				448.10,			4.75,		2.11,			0,			15.70
03/11/2017,	09:03:27,		008.539386,			047.410254,			7,				448.00,			4.75,		2.11,			0,			15.43
03/11/2017,	09:03:28,		008.539351,			047.410222,			7,				447.90,			4.75,		2.11,			0,			15.23
03/11/2017,	09:03:29,		008.539313,			047.410193,			7,				448.00,			4.75,		2.11,			0,			15.70
03/11/2017,	09:03:30,		008.539272,			047.410165,			7,				448.10,			4.75,		2.11,			0,			16.48
03/11/2017,	09:03:31,		008.539230,			047.410136,			7,				448.10,			4.75,		2.11,			0,			16.99
03/11/2017,	09:03:32,		008.539187,			047.410105,			7,				448.00,			4.75,		2.11,			0,			16.65
03/11/2017,	09:03:33,		008.539147,			047.410074,			7,				448.00,			4.75,		2.11,			0,			16.47
03/11/2017,	09:03:34,		008.539105,			047.410044,			7,				448.30,			4.75,		2.11,			0,			16.16
03/11/2017,	09:03:35,		008.539066,			047.410014,			7,				448.80,			4.76,		2.11,			0,			16.02
03/11/2017,	09:03:36,		008.539024,			047.409985,			7,				448.90,			4.76,		2.11,			0,			15.83
03/11/2017,	09:03:37,		008.538986,			047.409956,			7,				449.10,			4.76,		2.11,			0,			15.58
03/11/2017,	09:03:38,		008.538952,			047.409925,			7,				449.50,			4.76,		2.11,			0,			15.66
03/11/2017,	09:03:39,		008.538910,			047.409893,			8,				449.00,			4.37,		1.82,			0,			15.26
03/11/2017,	09:03:40,		008.538873,			047.409863,			8,				449.10,			4.37,		1.82,			0,			15.15
03/11/2017,	09:03:41,		008.538835,			047.409835,			8,				449.30,			4.37,		1.82,			0,			15.20
03/11/2017,	09:03:42,		008.538793,			047.409807,			8,				449.00,			4.38,		1.82,			0,			15.09
03/11/2017,	09:03:43,		008.538754,			047.409778,			8,				449.00,			4.38,		1.82,			0,			15.05
03/11/2017,	09:03:44,		008.538709,			047.409750,			8,				448.50,			4.38,		1.82,			0,			14.89
03/11/2017,	09:03:45,		008.538667,			047.409723,			8,				448.30,			4.38,		1.82,			0,			14.37
03/11/2017,	09:03:46,		008.538629,			047.409697,			8,				448.40,			4.38,		1.82,			0,			14.14
03/11/2017,	09:03:47,		008.538590,			047.409670,			8,				448.20,			4.38,		1.82,			0,			13.60
03/11/2017,	09:03:48,		008.538556,			047.409644,			8,				448.10,			4.38,		1.82,			0,			13.32
03/11/2017,	09:03:49,		008.538526,			047.409618,			8,				448.40,			4.38,		1.82,			0,			13.06
03/11/2017,	09:03:50,		008.538492,			047.409595,			8,				448.70,			4.39,		1.82,			0,			12.84
03/11/2017,	09:03:51,		008.538455,			047.409571,			8,				448.30,			4.39,		1.82,			0,			12.43
03/11/2017,	09:03:52,		008.538418,			047.409549,			8,				447.90,			4.39,		1.83,			0,			11.52
03/11/2017,	09:03:53,		008.538387,			047.409527,			8,				447.70,			4.39,		1.83,			0,			10.08
03/11/2017,	09:03:54,		008.538362,			047.409508,			8,				447.70,			4.39,		1.83,			0,			9.08
03/11/2017,	09:03:55,		008.538338,			047.409491,			8,				447.30,			4.39,		1.83,			0,			8.02
03/11/2017,	09:03:56,		008.538319,			047.409475,			8,				447.20,			4.39,		1.83,			0,			7.24
03/11/2017,	09:03:57,		008.538316,			047.409456,			8,				447.70,			4.39,		1.83,			0,			7.46
03/11/2017,	09:03:58,		008.538321,			047.409437,			8,				448.10,			4.40,		1.83,			0,			7.51
03/11/2017,	09:03:59,		008.538329,			047.409419,			8,				447.90,			4.40,		1.83,			0,			7.90
03/11/2017,	09:04:00,		008.538337,			047.409401,			8,				447.90,			4.40,		1.83,			0,			7.91
03/11/2017,	09:04:01,		008.538344,			047.409382,			8,				447.90,			4.40,		1.83,			0,			10.61
03/11/2017,	09:04:02,		008.538359,			047.409357,			8,				448.00,			4.40,		1.83,			0,			12.57
03/11/2017,	09:04:03,		008.538392,			047.409333,			8,				448.60,			4.40,		1.83,			0,			13.60
03/11/2017,	09:04:04,		008.538435,			047.409312,			8,				449.30,			4.40,		1.83,			0,			15.13
03/11/2017,	09:04:05,		008.538486,			047.409293,			8,				449.70,			4.40,		1.83,			0,			15.79
03/11/2017,	09:04:06,		008.538540,			047.409275,			8,				450.30,			4.41,		1.83,			0,			15.73
03/11/2017,	09:04:07,		008.538594,			047.409256,			8,				450.70,			4.41,		1.83,			0,			15.46
03/11/2017,	09:04:08,		008.538647,			047.409239,			8,				451.20,			4.41,		1.84,			0,			15.26
03/11/2017,	09:04:09,		008.538701,			047.409224,			8,				451.80,			4.41,		1.84,			0,			15.49
03/11/2017,	09:04:10,		008.538754,			047.409207,			8,				452.00,			4.41,		1.84,			0,			15.67
03/11/2017,	09:04:11,		008.538808,			047.409190,			8,				452.40,			4.41,		1.84,			0,			15.95
03/11/2017,	09:04:12,		008.538863,			047.409173,			8,				453.00,			4.41,		1.84,			0,			16.25
03/11/2017,	09:04:13,		008.538920,			047.409157,			8,				453.60,			4.41,		1.84,			0,			16.49
03/11/2017,	09:04:14,		008.538976,			047.409139,			8,				453.80,			4.42,		1.84,			0,			16.98
03/11/2017,	09:04:15,		008.539033,			047.409121,			8,				453.80,			4.42,		1.84,			0,			17.59
03/11/2017,	09:04:16,		008.539091,			047.409102,			8,				454.00,			4.42,		1.84,			0,			18.18
03/11/2017,	09:04:17,		008.539153,			047.409082,			8,				454.40,			4.42,		1.84,			0,			19.05
03/11/2017,	09:04:18,		008.539217,			047.409062,			8,				454.60,			4.42,		1.84,			0,			19.59
03/11/2017,	09:04:19,		008.539281,			047.409040,			8,				454.50,			4.42,		1.84,			0,			18.61
03/11/2017,	09:04:20,		008.539343,			047.409018,			8,				454.80,			4.42,		1.84,			0,			18.36
03/11/2017,	09:04:21,		008.539403,			047.408995,			8,				455.40,			4.42,		1.84,			0,			18.27
03/11/2017,	09:04:22,		008.539463,			047.408974,			8,				455.80,			4.43,		1.84,			0,			19.22
03/11/2017,	09:04:23,		008.539530,			047.408956,			8,				456.40,			4.43,		1.84,			0,			20.01
03/11/2017,	09:04:24,		008.539599,			047.408939,			8,				456.40,			4.43,		1.84,			0,			19.26
03/11/2017,	09:04:25,		008.539665,			047.408924,			8,				456.40,			4.43,		1.85,			0,			18.25
03/11/2017,	09:04:26,		008.539729,			047.408911,			8,				456.70,			4.43,		1.85,			0,			17.45
03/11/2017,	09:04:27,		008.539791,			047.408900,			8,				457.00,			4.43,		1.85,			0,			17.09
03/11/2017,	09:04:28,		008.539852,			047.408888,			8,				457.50,			4.43,		1.85,			0,			16.77
03/11/2017,	09:04:29,		008.539916,			047.408881,			8,				458.70,			4.43,		1.85,			0,			16.17
03/11/2017,	09:04:30,		008.539974,			047.408865,			8,				459.80,			4.44,		1.85,			0,			15.37
03/11/2017,	09:04:31,		008.540030,			047.408854,			8,				460.90,			4.44,		1.85,			0,			14.82
03/11/2017,	09:04:32,		008.540085,			047.408846,			8,				461.60,			4.44,		1.85,			0,			14.52
03/11/2017,	09:04:33,		008.540136,			047.408834,			8,				462.20,			4.44,		1.85,			0,			13.49
03/11/2017,	09:04:34,		008.540184,			047.408822,			8,				463.10,			4.44,		1.85,			0,			13.19
03/11/2017,	09:04:35,		008.540230,			047.408809,			8,				463.90,			4.44,		1.85,			0,			13.30
03/11/2017,	09:04:36,		008.540276,			047.408796,			8,				464.20,			4.58,		1.91,			0,			13.45
03/11/2017,	09:04:37,		008.540323,			047.408785,			8,				464.60,			4.58,		1.91,			0,			13.70
03/11/2017,	09:04:38,		008.540371,			047.408772,			8,				465.50,			4.45,		1.85,			0,			12.81
03/11/2017,	09:04:39,		008.540418,			047.408759,			8,				466.90,			4.45,		1.85,			0,			12.60
03/11/2017,	09:04:40,		008.540465,			047.408749,			8,				468.10,			4.45,		1.85,			0,			12.50
03/11/2017,	09:04:41,		008.540510,			047.408738,			8,				469.30,			4.45,		1.85,			0,			12.09
03/11/2017,	09:04:42,		008.540554,			047.408728,			8,				470.40,			4.45,		1.86,			0,			12.08
03/11/2017,	09:04:43,		008.540597,			047.408718,			8,				471.10,			4.45,		1.86,			0,			12.21
03/11/2017,	09:04:44,		008.540640,			047.408706,			8,				472.10,			4.45,		1.86,			0,			11.85
03/11/2017,	09:04:45,		008.540685,			047.408699,			8,				473.50,			4.45,		1.86,			0,			11.84
03/11/2017,	09:04:46,		008.540727,			047.408688,			8,				474.30,			4.46,		1.86,			0,			12.34
03/11/2017,	09:04:47,		008.540771,			047.408677,			8,				475.20,			4.46,		1.86,			0,			12.85
03/11/2017,	09:04:48,		008.540820,			047.408668,			8,				476.30,			4.46,		1.86,			0,			12.40
03/11/2017,	09:04:49,		008.540867,			047.408662,			8,				477.30,			4.46,		1.86,			0,			12.32
03/11/2017,	09:04:50,		008.540910,			047.408653,			8,				477.70,			4.46,		1.86,			0,			12.25
03/11/2017,	09:04:51,		008.540954,			047.408644,			8,				478.60,			4.46,		1.86,			0,			12.28
03/11/2017,	09:04:52,		008.540997,			047.408630,			8,				479.50,			4.46,		1.86,			0,			12.07
03/11/2017,	09:04:53,		008.541039,			047.408617,			8,				480.50,			4.46,		1.86,			0,			12.43
03/11/2017,	09:04:54,		008.541085,			047.408607,			8,				481.80,			4.47,		1.86,			0,			12.01
03/11/2017,	09:04:55,		008.541132,			047.408603,			8,				482.80,			4.47,		1.86,			0,			12.90
03/11/2017,	09:04:56,		008.541177,			047.408591,			8,				483.30,			4.47,		1.86,			0,			12.97
03/11/2017,	09:04:57,		008.541223,			047.408577,			8,				484.30,			4.47,		1.86,			0,			12.86
03/11/2017,	09:04:58,		008.541268,			047.408563,			8,				485.20,			4.47,		1.87,			0,			12.56
03/11/2017,	09:04:59,		008.541310,			047.408551,			8,				485.80,			4.47,		1.87,			0,			12.81
03/11/2017,	09:05:00,		008.541354,			047.408539,			8,				486.10,			4.47,		1.87,			0,			13.17
03/11/2017,	09:05:01,		008.541400,			047.408526,			8,				486.70,			4.47,		1.87,			0,			12.97
03/11/2017,	09:05:02,		008.541444,			047.408512,			8,				487.50,			4.48,		1.87,			0,			12.83
03/11/2017,	09:05:03,		008.541489,			047.408500,			8,				488.10,			4.48,		1.87,			0,			12.81
03/11/2017,	09:05:04,		008.541535,			047.408490,			8,				489.10,			4.48,		1.87,			0,			12.66
03/11/2017,	09:05:05,		008.541578,			047.408476,			8,				489.80,			4.48,		1.87,			0,			12.68
03/11/2017,	09:05:06,		008.541622,			047.408463,			8,				490.60,			4.48,		1.87,			0,			13.62
03/11/2017,	09:05:07,		008.541666,			047.408447,			8,				490.90,			4.64,		1.93,			0,			14.07
03/11/2017,	09:05:08,		008.541717,			047.408435,			8,				492.10,			4.48,		1.87,			0,			14.73
03/11/2017,	09:05:09,		008.541766,			047.408421,			8,				492.40,			4.48,		1.87,			0,			15.38
03/11/2017,	09:05:10,		008.541819,			047.408405,			8,				493.00,			4.48,		1.87,			0,			15.66
03/11/2017,	09:05:11,		008.541872,			047.408389,			8,				494.10,			4.49,		1.87,			0,			16.33
03/11/2017,	09:05:12,		008.541928,			047.408372,			8,				495.00,			4.49,		1.87,			0,			16.86
03/11/2017,	09:05:13,		008.541986,			047.408357,			8,				495.90,			4.49,		1.87,			0,			17.54
03/11/2017,	09:05:14,		008.542046,			047.408339,			8,				496.50,			4.49,		1.88,			0,			17.69
03/11/2017,	09:05:15,		008.542106,			047.408322,			8,				497.30,			4.49,		1.88,			0,			17.92
03/11/2017,	09:05:16,		008.542163,			047.408298,			8,				497.40,			4.49,		1.88,			0,			18.18
03/11/2017,	09:05:17,		008.542221,			047.408276,			8,				497.90,			4.49,		1.88,			0,			18.66
03/11/2017,	09:05:18,		008.542280,			047.408253,			8,				498.30,			4.49,		1.88,			0,			18.80
03/11/2017,	09:05:19,		008.542343,			047.408233,			8,				498.90,			4.50,		1.88,			0,			19.10
03/11/2017,	09:05:20,		008.542404,			047.408212,			8,				498.90,			4.66,		1.94,			0,			19.44
03/11/2017,	09:05:21,		008.542468,			047.408192,			8,				499.00,			4.67,		1.94,			0,			19.50
03/11/2017,	09:05:22,		008.542536,			047.408176,			8,				499.70,			4.50,		1.88,			0,			19.45
03/11/2017,	09:05:23,		008.542604,			047.408160,			8,				500.20,			4.50,		1.88,			0,			19.55
03/11/2017,	09:05:24,		008.542671,			047.408143,			8,				500.50,			4.67,		1.94,			0,			20.06
03/11/2017,	09:05:25,		008.542737,			047.408122,			8,				500.20,			4.67,		1.94,			0,			20.41
03/11/2017,	09:05:26,		008.542803,			047.408099,			8,				500.20,			4.68,		1.95,			0,			20.06
03/11/2017,	09:05:27,		008.542869,			047.408076,			8,				500.50,			4.68,		1.95,			0,			20.22
03/11/2017,	09:05:28,		008.542933,			047.408051,			8,				500.30,			4.68,		1.95,			0,			19.91
03/11/2017,	09:05:29,		008.543003,			047.408035,			8,				501.50,			4.51,		1.88,			0,			19.72
03/11/2017,	09:05:30,		008.543073,			047.408016,			8,				502.70,			4.51,		1.88,			0,			19.68
03/11/2017,	09:05:31,		008.543120,			047.407988,			9,				499.60,			3.49,		1.34,			0,			19.78
03/11/2017,	09:05:32,		008.543169,			047.407960,			9,				497.10,			3.49,		1.34,			0,			19.75
03/11/2017,	09:05:33,		008.543221,			047.407934,			9,				494.80,			3.49,		1.34,			0,			19.75
03/11/2017,	09:05:34,		008.543275,			047.407909,			9,				493.00,			3.49,		1.34,			0,			19.58
03/11/2017,	09:05:35,		008.543332,			047.407886,			9,				491.40,			3.49,		1.34,			0,			19.36
03/11/2017,	09:05:36,		008.543390,			047.407864,			9,				490.30,			3.49,		1.34,			0,			19.57
03/11/2017,	09:05:37,		008.543444,			047.407841,			9,				488.20,			3.50,		1.34,			0,			19.83
03/11/2017,	09:05:38,		008.543503,			047.407819,			9,				486.90,			3.50,		1.34,			0,			20.11
03/11/2017,	09:05:39,		008.543562,			047.407795,			9,				485.40,			3.50,		1.34,			0,			20.25
03/11/2017,	09:05:40,		008.543626,			047.407773,			9,				484.60,			3.50,		1.34,			0,			20.27
03/11/2017,	09:05:41,		008.543691,			047.407750,			9,				483.90,			3.50,		1.34,			0,			20.12
03/11/2017,	09:05:42,		008.543755,			047.407727,			9,				483.20,			3.50,		1.34,			0,			19.94
03/11/2017,	09:05:43,		008.543819,			047.407705,			9,				482.70,			3.50,		1.34,			0,			19.93
03/11/2017,	09:05:44,		008.543880,			047.407683,			9,				481.50,			3.50,		1.34,			0,			19.79
03/11/2017,	09:05:45,		008.543943,			047.407659,			9,				481.00,			3.50,		1.34,			0,			19.90
03/11/2017,	09:05:46,		008.544003,			047.407629,			9,				480.50,			3.51,		1.34,			0,			20.19
03/11/2017,	09:05:47,		008.544065,			047.407601,			9,				480.30,			3.51,		1.34,			0,			20.07
03/11/2017,	09:05:48,		008.544131,			047.407580,			9,				480.70,			3.37,		1.25,			0,			20.22
03/11/2017,	09:05:49,		008.544196,			047.407555,			9,				480.50,			3.51,		1.34,			0,			21.11
03/11/2017,	09:05:50,		008.544260,			047.407532,			9,				479.20,			3.51,		1.34,			0,			21.47
03/11/2017,	09:05:51,		008.544330,			047.407510,			9,				478.50,			3.51,		1.34,			0,			21.27
03/11/2017,	09:05:52,		008.544397,			047.407487,			9,				477.50,			3.51,		1.34,			0,			21.61
03/11/2017,	09:05:53,		008.544468,			047.407465,			9,				476.80,			3.51,		1.34,			0,			21.85
03/11/2017,	09:05:54,		008.544540,			047.407443,			9,				476.40,			3.51,		1.34,			0,			21.64
03/11/2017,	09:05:55,		008.544611,			047.407421,			10,				475.50,			2.10,		1.17,			0,			21.70
03/11/2017,	09:05:56,		008.544681,			047.407397,			10,				474.40,			2.10,		1.17,			0,			21.44
03/11/2017,	09:05:57,		008.544751,			047.407373,			10,				473.90,			2.11,		1.17,			0,			21.61
03/11/2017,	09:05:58,		008.544821,			047.407349,			10,				473.40,			2.11,		1.17,			0,			21.60
03/11/2017,	09:05:59,		008.544891,			047.407325,			10,				472.90,			2.11,		1.17,			0,			21.31
03/11/2017,	09:06:00,		008.544958,			047.407299,			10,				472.20,			2.11,		1.17,			0,			21.14
03/11/2017,	09:06:01,		008.545027,			047.407273,			10,				471.70,			2.11,		1.17,			0,			21.64
03/11/2017,	09:06:02,		008.545095,			047.407247,			10,				471.80,			2.11,		1.17,			0,			20.54
03/11/2017,	09:06:03,		008.545162,			047.407222,			10,				471.60,			2.11,		1.17,			0,			20.11
03/11/2017,	09:06:04,		008.545226,			047.407196,			10,				470.90,			2.11,		1.17,			0,			20.18
03/11/2017,	09:06:05,		008.545287,			047.407166,			10,				470.40,			2.11,		1.17,			0,			20.35
03/11/2017,	09:06:06,		008.545349,			047.407136,			10,				470.10,			2.11,		1.17,			0,			19.93
03/11/2017,	09:06:07,		008.545410,			047.407108,			10,				469.90,			2.11,		1.17,			0,			19.72
03/11/2017,	09:06:08,		008.545471,			047.407080,			10,				469.80,			2.11,		1.17,			0,			19.69
03/11/2017,	09:06:09,		008.545531,			047.407053,			10,				469.70,			2.11,		1.17,			0,			19.91
03/11/2017,	09:06:10,		008.545594,			047.407026,			10,				469.90,			2.11,		1.17,			0,			19.53
03/11/2017,	09:06:11,		008.545653,			047.406998,			10,				469.60,			2.11,		1.17,			0,			19.10
03/11/2017,	09:06:12,		008.545711,			047.406972,			10,				469.30,			2.11,		1.17,			0,			18.99
03/11/2017,	09:06:13,		008.545770,			047.406948,			10,				469.00,			2.11,		1.17,			0,			19.14
03/11/2017,	09:06:14,		008.545832,			047.406924,			10,				469.00,			2.11,		1.17,			0,			19.34
03/11/2017,	09:06:15,		008.545895,			047.406902,			10,				468.90,			2.11,		1.17,			0,			19.39
03/11/2017,	09:06:16,		008.545960,			047.406882,			10,				469.00,			2.11,		1.17,			0,			19.71
03/11/2017,	09:06:17,		008.546024,			047.406860,			10,				468.90,			2.11,		1.17,			0,			19.39
03/11/2017,	09:06:18,		008.546085,			047.406836,			10,				468.60,			2.11,		1.17,			0,			18.32
03/11/2017,	09:06:19,		008.546143,			047.406811,			10,				468.40,			2.11,		1.17,			0,			19.06
03/11/2017,	09:06:20,		008.546201,			047.406784,			10,				468.20,			2.11,		1.17,			0,			19.10
03/11/2017,	09:06:21,		008.546260,			047.406757,			10,				468.00,			2.11,		1.17,			0,			19.22
03/11/2017,	09:06:22,		008.546319,			047.406730,			10,				467.70,			2.11,		1.17,			0,			19.54
03/11/2017,	09:06:23,		008.546380,			047.406703,			10,				467.80,			2.11,		1.17,			0,			19.58
03/11/2017,	09:06:24,		008.546443,			047.406679,			10,				467.80,			2.11,		1.17,			0,			19.71
03/11/2017,	09:06:25,		008.546504,			047.406653,			10,				467.60,			2.11,		1.17,			0,			19.61
03/11/2017,	09:06:26,		008.546566,			047.406628,			10,				467.70,			2.11,		1.17,			0,			19.49
03/11/2017,	09:06:27,		008.546627,			047.406603,			10,				467.70,			2.11,		1.17,			0,			19.33
03/11/2017,	09:06:28,		008.546688,			047.406577,			10,				467.90,			2.11,		1.17,			0,			19.77
03/11/2017,	09:06:29,		008.546749,			047.406551,			10,				467.90,			2.11,		1.17,			0,			19.81
03/11/2017,	09:06:30,		008.546809,			047.406521,			10,				467.90,			2.12,		1.17,			0,			19.81
03/11/2017,	09:06:31,		008.546864,			047.406488,			10,				467.90,			2.12,		1.17,			0,			19.74
03/11/2017,	09:06:32,		008.546924,			047.406461,			10,				467.90,			2.12,		1.17,			0,			19.76
03/11/2017,	09:06:33,		008.546988,			047.406438,			10,				467.90,			2.12,		1.17,			0,			20.00
03/11/2017,	09:06:34,		008.547054,			047.406418,			10,				467.90,			2.12,		1.17,			0,			20.39
03/11/2017,	09:06:35,		008.547116,			047.406392,			11,				467.00,			1.68,		1.15,			0,			17.73
03/11/2017,	09:06:36,		008.547156,			047.406354,			11,				467.00,			1.68,		1.15,			0,			17.40
03/11/2017,	09:06:37,		008.547165,			047.406308,			11,				467.70,			1.58,		1.03,			0,			16.25
03/11/2017,	09:06:38,		008.547153,			047.406267,			11,				467.80,			1.58,		1.03,			0,			14.57
03/11/2017,	09:06:39,		008.547135,			047.406232,			11,				467.80,			1.58,		1.03,			0,			14.09
03/11/2017,	09:06:40,		008.547119,			047.406198,			11,				468.20,			1.68,		1.15,			0,			14.38
03/11/2017,	09:06:41,		008.547102,			047.406165,			11,				469.00,			1.68,		1.15,			0,			14.04
03/11/2017,	09:06:42,		008.547084,			047.406133,			11,				469.70,			1.58,		1.03,			0,			14.10
03/11/2017,	09:06:43,		008.547065,			047.406101,			11,				470.20,			1.58,		1.03,			0,			14.36
03/11/2017,	09:06:44,		008.547045,			047.406064,			11,				470.40,			1.68,		1.15,			0,			15.46
03/11/2017,	09:06:45,		008.547027,			047.406023,			11,				470.30,			1.68,		1.15,			0,			14.67
03/11/2017,	09:06:46,		008.547007,			047.405986,			11,				470.80,			1.58,		1.03,			0,			14.32
03/11/2017,	09:06:47,		008.546991,			047.405957,			11,				472.20,			1.58,		1.03,			0,			14.76
03/11/2017,	09:06:48,		008.546974,			047.405919,			11,				472.50,			1.58,		1.03,			0,			14.86
03/11/2017,	09:06:49,		008.546957,			047.405884,			11,				473.80,			1.58,		1.03,			0,			14.98
03/11/2017,	09:06:50,		008.546941,			047.405845,			11,				474.00,			1.58,		1.03,			0,			16.15
03/11/2017,	09:06:51,		008.546933,			047.405805,			11,				474.00,			1.58,		1.03,			0,			14.32
03/11/2017,	09:06:52,		008.546918,			047.405769,			11,				474.40,			1.58,		1.03,			0,			14.59
03/11/2017,	09:06:53,		008.546901,			047.405735,			11,				474.40,			1.58,		1.03,			0,			14.95
03/11/2017,	09:06:54,		008.546879,			047.405699,			11,				474.70,			1.59,		1.03,			0,			14.59
03/11/2017,	09:06:55,		008.546855,			047.405664,			11,				474.90,			1.59,		1.03,			0,			14.59
03/11/2017,	09:06:56,		008.546833,			047.405629,			11,				474.90,			1.59,		1.03,			0,			15.11
03/11/2017,	09:06:57,		008.546811,			047.405585,			11,				474.40,			1.59,		1.03,			0,			15.63
03/11/2017,	09:06:58,		008.546790,			047.405542,			11,				474.20,			1.59,		1.03,			0,			15.36
03/11/2017,	09:06:59,		008.546769,			047.405504,			11,				474.80,			1.59,		1.03,			0,			15.39
03/11/2017,	09:07:00,		008.546752,			047.405466,			11,				475.30,			1.59,		1.03,			0,			15.28
03/11/2017,	09:07:01,		008.546736,			047.405428,			11,				475.80,			1.59,		1.03,			0,			15.74
03/11/2017,	09:07:02,		008.546718,			047.405388,			11,				476.00,			1.59,		1.03,			0,			16.17
03/11/2017,	09:07:03,		008.546694,			047.405350,			11,				476.20,			1.59,		1.03,			0,			16.41
03/11/2017,	09:07:04,		008.546670,			047.405311,			11,				475.80,			1.59,		1.03,			0,			16.99
03/11/2017,	09:07:05,		008.546644,			047.405271,			11,				475.40,			1.59,		1.03,			0,			16.49
03/11/2017,	09:07:06,		008.546617,			047.405231,			11,				474.50,			1.59,		1.03,			0,			17.12
03/11/2017,	09:07:07,		008.546591,			047.405192,			11,				474.40,			1.59,		1.03,			0,			17.41
03/11/2017,	09:07:08,		008.546567,			047.405150,			11,				474.60,			1.59,		1.03,			0,			16.64
03/11/2017,	09:07:09,		008.546546,			047.405110,			11,				475.60,			1.59,		1.03,			0,			17.98
03/11/2017,	09:07:10,		008.546528,			047.405066,			11,				476.40,			1.59,		1.03,			0,			18.27
03/11/2017,	09:07:11,		008.546507,			047.405023,			11,				477.10,			1.59,		1.03,			0,			18.28
03/11/2017,	09:07:12,		008.546485,			047.404978,			11,				477.60,			1.59,		1.03,			0,			18.00
03/11/2017,	09:07:13,		008.546461,			047.404935,			11,				477.70,			1.59,		1.03,			0,			18.56
03/11/2017,	09:07:14,		008.546437,			047.404891,			11,				478.20,			1.59,		1.03,			0,			18.01
03/11/2017,	09:07:15,		008.546415,			047.404848,			11,				479.00,			1.59,		1.03,			0,			18.50
03/11/2017,	09:07:16,		008.546391,			047.404805,			11,				480.00,			1.59,		1.03,			0,			17.96
03/11/2017,	09:07:17,		008.546365,			047.404763,			11,				480.00,			1.59,		1.03,			0,			17.85
03/11/2017,	09:07:18,		008.546340,			047.404724,			11,				479.80,			1.59,		1.03,			0,			18.21
03/11/2017,	09:07:19,		008.546317,			047.404682,			11,				479.40,			1.59,		1.03,			0,			18.50
03/11/2017,	09:07:20,		008.546292,			047.404639,			11,				479.90,			1.59,		1.03,			0,			17.84
03/11/2017,	09:07:21,		008.546266,			047.404597,			11,				480.30,			1.59,		1.03,			0,			18.50
03/11/2017,	09:07:22,		008.546241,			047.404552,			11,				480.10,			1.59,		1.03,			0,			18.37
03/11/2017,	09:07:23,		008.546216,			047.404507,			11,				480.10,			1.59,		1.03,			0,			18.21
03/11/2017,	09:07:24,		008.546190,			047.404466,			11,				480.50,			1.59,		1.03,			0,			17.99
03/11/2017,	09:07:25,		008.546165,			047.404424,			11,				481.00,			1.59,		1.03,			0,			17.63
03/11/2017,	09:07:26,		008.546139,			047.404383,			11,				481.10,			1.59,		1.03,			0,			17.88
03/11/2017,	09:07:27,		008.546117,			047.404341,			11,				481.00,			1.59,		1.03,			0,			17.81
03/11/2017,	09:07:28,		008.546092,			047.404299,			11,				480.20,			1.59,		1.03,			0,			18.14
03/11/2017,	09:07:29,		008.546071,			047.404255,			11,				480.20,			1.59,		1.03,			0,			18.13
03/11/2017,	09:07:30,		008.546049,			047.404213,			11,				480.70,			1.59,		1.03,			0,			17.85
03/11/2017,	09:07:31,		008.546023,			047.404171,			11,				480.90,			1.59,		1.03,			0,			17.87
03/11/2017,	09:07:32,		008.545995,			047.404129,			11,				481.00,			1.59,		1.03,			0,			17.82
03/11/2017,	09:07:33,		008.545964,			047.404082,			11,				481.20,			1.59,		1.03,			0,			17.81
03/11/2017,	09:07:34,		008.545926,			047.404045,			11,				481.50,			1.59,		1.03,			0,			16.83
03/11/2017,	09:07:35,		008.545888,			047.404009,			11,				481.10,			1.59,		1.03,			0,			18.18
03/11/2017,	09:07:36,		008.545871,			047.403966,			11,				481.30,			1.59,		1.03,			0,			18.81
03/11/2017,	09:07:37,		008.545847,			047.403921,			11,				480.60,			1.59,		1.03,			0,			18.32
03/11/2017,	09:07:38,		008.545820,			047.403878,			11,				481.00,			1.59,		1.03,			0,			17.92
03/11/2017,	09:07:39,		008.545799,			047.403837,			11,				481.70,			1.59,		1.03,			0,			16.54
03/11/2017,	09:07:40,		008.545784,			047.403798,			11,				481.90,			1.59,		1.03,			0,			17.26
03/11/2017,	09:07:41,		008.545766,			047.403755,			11,				482.20,			1.59,		1.03,			0,			18.74
03/11/2017,	09:07:42,		008.545736,			047.403712,			11,				482.80,			1.59,		1.03,			0,			20.44
03/11/2017,	09:07:43,		008.545715,			047.403664,			11,				483.20,			1.59,		1.03,			0,			15.27
03/11/2017,	09:07:44,		008.545694,			047.403627,			11,				484.00,			1.59,		1.03,			0,			15.82
03/11/2017,	09:07:45,		008.545669,			047.403592,			11,				484.50,			2.00,		1.05,			0,			17.32
03/11/2017,	09:07:46,		008.545650,			047.403547,			11,				484.80,			2.00,		1.05,			0,			17.49
03/11/2017,	09:07:47,		008.545632,			047.403504,			11,				485.60,			2.00,		1.05,			0,			16.30
03/11/2017,	09:07:48,		008.545607,			047.403466,			11,				485.00,			2.00,		1.05,			0,			17.48
03/11/2017,	09:07:49,		008.545582,			047.403427,			11,				486.10,			2.00,		1.05,			0,			17.80
03/11/2017,	09:07:50,		008.545556,			047.403385,			11,				486.00,			1.59,		1.03,			0,			17.92
03/11/2017,	09:07:51,		008.545532,			047.403341,			11,				486.10,			1.59,		1.03,			0,			17.81
03/11/2017,	09:07:52,		008.545509,			047.403297,			11,				486.90,			1.59,		1.03,			0,			17.30
03/11/2017,	09:07:53,		008.545481,			047.403257,			11,				487.60,			1.59,		1.03,			0,			17.87
03/11/2017,	09:07:54,		008.545454,			047.403216,			11,				487.10,			1.59,		1.03,			0,			18.20
03/11/2017,	09:07:55,		008.545429,			047.403174,			11,				487.80,			1.59,		1.03,			0,			18.46
03/11/2017,	09:07:56,		008.545406,			047.403129,			11,				487.70,			1.59,		1.03,			0,			18.45
03/11/2017,	09:07:57,		008.545384,			047.403084,			11,				487.80,			1.59,		1.03,			0,			18.02
03/11/2017,	09:07:58,		008.545362,			047.403040,			11,				487.80,			1.59,		1.03,			0,			17.32
03/11/2017,	09:07:59,		008.545341,			047.402998,			11,				488.10,			1.59,		1.03,			0,			15.51
03/11/2017,	09:08:00,		008.545323,			047.402961,			11,				488.90,			1.59,		1.03,			0,			16.62
03/11/2017,	09:08:01,		008.545298,			047.402923,			11,				489.60,			1.59,		1.03,			0,			16.61
03/11/2017,	09:08:02,		008.545270,			047.402887,			11,				491.00,			1.59,		1.03,			0,			15.59
03/11/2017,	09:08:03,		008.545234,			047.402856,			11,				491.40,			1.59,		1.03,			0,			14.37
03/11/2017,	09:08:04,		008.545202,			047.402827,			11,				492.50,			1.59,		1.03,			0,			14.48
03/11/2017,	09:08:05,		008.545167,			047.402798,			11,				493.20,			1.59,		1.03,			0,			15.44
03/11/2017,	09:08:06,		008.545137,			047.402766,			11,				494.30,			1.59,		1.03,			0,			15.29
03/11/2017,	09:08:07,		008.545106,			047.402731,			11,				494.70,			2.00,		1.05,			0,			15.07
03/11/2017,	09:08:08,		008.545081,			047.402697,			11,				496.20,			1.59,		1.03,			0,			15.20
03/11/2017,	09:08:09,		008.545051,			047.402651,			11,				494.80,			1.59,		1.03,			0,			15.90
03/11/2017,	09:08:10,		008.545013,			047.402611,			11,				494.30,			2.00,		1.05,			0,			15.80
03/11/2017,	09:08:11,		008.544974,			047.402579,			11,				493.80,			2.00,		1.05,			0,			14.73
03/11/2017,	09:08:12,		008.544938,			047.402551,			11,				493.10,			2.00,		1.05,			0,			14.46
03/11/2017,	09:08:13,		008.544901,			047.402524,			10,				492.50,			3.45,		1.28,			0,			15.24
03/11/2017,	09:08:14,		008.544858,			047.402499,			10,				492.40,			3.45,		1.28,			0,			16.11
03/11/2017,	09:08:15,		008.544824,			047.402466,			10,				492.40,			3.45,		1.28,			0,			15.87
03/11/2017,	09:08:16,		008.544801,			047.402430,			10,				492.20,			2.00,		1.05,			0,			17.03
03/11/2017,	09:08:17,		008.544771,			047.402391,			11,				492.10,			2.00,		1.05,			0,			17.26
03/11/2017,	09:08:18,		008.544746,			047.402351,			11,				492.60,			2.00,		1.05,			0,			16.13
03/11/2017,	09:08:19,		008.544736,			047.402310,			11,				496.60,			1.60,		1.03,			0,			15.19
03/11/2017,	09:08:20,		008.544709,			047.402276,			11,				497.10,			1.60,		1.03,			0,			17.15
03/11/2017,	09:08:21,		008.544680,			047.402239,			11,				498.70,			1.60,		1.03,			0,			17.42
03/11/2017,	09:08:22,		008.544653,			047.402201,			11,				499.40,			1.60,		1.03,			0,			17.38
03/11/2017,	09:08:23,		008.544621,			047.402162,			11,				499.50,			1.60,		1.03,			0,			17.95
03/11/2017,	09:08:24,		008.544591,			047.402122,			11,				500.50,			1.60,		1.03,			0,			18.30
03/11/2017,	09:08:25,		008.544567,			047.402079,			11,				500.90,			1.60,		1.03,			0,			18.34
03/11/2017,	09:08:26,		008.544542,			047.402030,			11,				500.70,			1.60,		1.03,			0,			18.50
03/11/2017,	09:08:27,		008.544510,			047.401983,			11,				500.00,			1.60,		1.03,			0,			17.86
03/11/2017,	09:08:28,		008.544478,			047.401943,			11,				499.90,			1.60,		1.03,			0,			18.46
03/11/2017,	09:08:29,		008.544458,			047.401899,			11,				499.40,			1.60,		1.03,			0,			18.96
03/11/2017,	09:08:30,		008.544441,			047.401852,			11,				498.80,			1.60,		1.03,			0,			18.59
03/11/2017,	09:08:31,		008.544418,			047.401807,			11,				497.90,			1.60,		1.03,			0,			18.93
03/11/2017,	09:08:32,		008.544391,			047.401763,			11,				497.80,			1.60,		1.03,			0,			19.19
03/11/2017,	09:08:33,		008.544360,			047.401719,			11,				497.50,			1.60,		1.03,			0,			19.51
03/11/2017,	09:08:34,		008.544328,			047.401676,			11,				497.20,			1.60,		1.03,			0,			19.38
03/11/2017,	09:08:35,		008.544295,			047.401632,			11,				496.90,			1.60,		1.03,			0,			19.86
03/11/2017,	09:08:36,		008.544260,			047.401588,			11,				496.60,			1.60,		1.03,			0,			19.74
03/11/2017,	09:08:37,		008.544224,			047.401545,			11,				496.50,			1.60,		1.03,			0,			19.51
03/11/2017,	09:08:38,		008.544187,			047.401502,			11,				495.90,			1.60,		1.03,			0,			19.82
03/11/2017,	09:08:39,		008.544151,			047.401459,			11,				495.50,			1.60,		1.03,			0,			19.83
03/11/2017,	09:08:40,		008.544117,			047.401405,			11,				494.10,			1.60,		1.03,			0,			20.00
03/11/2017,	09:08:41,		008.544085,			047.401359,			11,				493.90,			1.60,		1.03,			0,			20.10
03/11/2017,	09:08:42,		008.544049,			047.401314,			11,				493.80,			1.60,		1.03,			0,			20.23
03/11/2017,	09:08:43,		008.544012,			047.401269,			11,				493.90,			1.60,		1.03,			0,			20.18
03/11/2017,	09:08:44,		008.543975,			047.401223,			11,				493.80,			1.60,		1.03,			0,			20.39
03/11/2017,	09:08:45,		008.543936,			047.401178,			11,				493.40,			1.60,		1.03,			0,			20.13
03/11/2017,	09:08:46,		008.543898,			047.401134,			11,				493.60,			1.60,		1.03,			0,			20.39
03/11/2017,	09:08:47,		008.543865,			047.401088,			11,				495.00,			1.60,		1.03,			0,			20.15
03/11/2017,	09:08:48,		008.543830,			047.401042,			11,				494.80,			1.60,		1.03,			0,			20.54
03/11/2017,	09:08:49,		008.543801,			047.400994,			11,				494.80,			1.60,		1.03,			0,			20.36
03/11/2017,	09:08:50,		008.543768,			047.400947,			11,				494.40,			1.60,		1.03,			0,			20.17
03/11/2017,	09:08:51,		008.543731,			047.400901,			11,				494.00,			1.60,		1.03,			0,			20.02
03/11/2017,	09:08:52,		008.543692,			047.400857,			11,				493.30,			1.60,		1.03,			0,			19.86
03/11/2017,	09:08:53,		008.543650,			047.400814,			11,				492.80,			1.60,		1.03,			0,			19.90
03/11/2017,	09:08:54,		008.543609,			047.400772,			11,				492.50,			1.60,		1.03,			0,			20.09
03/11/2017,	09:08:55,		008.543569,			047.400729,			11,				492.30,			1.60,		1.03,			0,			20.31
03/11/2017,	09:08:56,		008.543527,			047.400687,			11,				491.40,			1.60,		1.03,			0,			19.87
03/11/2017,	09:08:57,		008.543488,			047.400643,			11,				491.00,			1.60,		1.03,			0,			19.24
03/11/2017,	09:08:58,		008.543455,			047.400600,			11,				491.20,			1.60,		1.03,			0,			18.79
03/11/2017,	09:08:59,		008.543422,			047.400557,			11,				491.30,			1.60,		1.03,			0,			18.06
03/11/2017,	09:09:00,		008.543385,			047.400518,			11,				490.50,			1.60,		1.03,			0,			17.65
03/11/2017,	09:09:01,		008.543350,			047.400479,			11,				490.10,			1.60,		1.03,			0,			17.55
03/11/2017,	09:09:02,		008.543319,			047.400440,			11,				490.10,			1.60,		1.03,			0,			17.10
03/11/2017,	09:09:03,		008.543289,			047.400402,			11,				490.30,			1.60,		1.03,			0,			16.66
03/11/2017,	09:09:04,		008.543259,			047.400365,			11,				489.90,			1.60,		1.03,			0,			15.65
03/11/2017,	09:09:05,		008.543232,			047.400330,			12,				489.60,			1.44,		0.95,			0,			15.81
03/11/2017,	09:09:06,		008.543207,			047.400296,			12,				489.10,			1.44,		0.95,			0,			15.08
03/11/2017,	09:09:07,		008.543186,			047.400262,			12,				488.50,			1.44,		0.95,			0,			14.22
03/11/2017,	09:09:08,		008.543173,			047.400227,			12,				488.40,			1.44,		0.95,			0,			13.18
03/11/2017,	09:09:09,		008.543164,			047.400194,			12,				488.30,			1.44,		0.95,			0,			11.35
03/11/2017,	09:09:10,		008.543165,			047.400165,			12,				488.30,			1.44,		0.95,			0,			10.47
03/11/2017,	09:09:11,		008.543177,			047.400142,			12,				487.40,			1.44,		0.95,			0,			12.00
03/11/2017,	09:09:12,		008.543204,			047.400121,			12,				487.40,			1.44,		0.95,			0,			12.57
03/11/2017,	09:09:13,		008.543232,			047.400102,			12,				486.30,			1.44,		0.95,			0,			12.04
03/11/2017,	09:09:14,		008.543264,			047.400083,			12,				485.80,			1.44,		0.95,			0,			13.54
03/11/2017,	09:09:15,		008.543298,			047.400061,			12,				485.50,			1.44,		0.95,			0,			12.40
03/11/2017,	09:09:16,		008.543326,			047.400039,			12,				485.20,			1.44,		0.95,			0,			12.51
03/11/2017,	09:09:17,		008.543335,			047.400010,			12,				485.40,			1.44,		0.95,			0,			12.37
03/11/2017,	09:09:18,		008.543320,			047.399982,			12,				485.40,			1.44,		0.95,			0,			14.61
03/11/2017,	09:09:19,		008.543291,			047.399954,			12,				485.70,			1.44,		0.95,			0,			15.45
03/11/2017,	09:09:20,		008.543255,			047.399924,			12,				485.80,			1.44,		0.95,			0,			16.09
03/11/2017,	09:09:21,		008.543219,			047.399893,			12,				485.90,			1.44,		0.95,			0,			15.64
03/11/2017,	09:09:22,		008.543187,			047.399862,			12,				486.20,			1.44,		0.95,			0,			17.04
03/11/2017,	09:09:23,		008.543151,			047.399828,			12,				486.30,			1.44,		0.95,			0,			17.46
03/11/2017,	09:09:24,		008.543120,			047.399791,			12,				486.50,			1.44,		0.95,			0,			16.75
03/11/2017,	09:09:25,		008.543098,			047.399750,			12,				486.70,			1.44,		0.95,			0,			17.91
03/11/2017,	09:09:26,		008.543087,			047.399706,			12,				486.40,			1.44,		0.95,			0,			17.24
03/11/2017,	09:09:27,		008.543093,			047.399664,			12,				486.70,			1.44,		0.95,			0,			17.58
03/11/2017,	09:09:28,		008.543105,			047.399621,			12,				486.80,			1.44,		0.95,			0,			15.24
03/11/2017,	09:09:29,		008.543106,			047.399581,			12,				486.70,			1.44,		0.95,			0,			14.92
03/11/2017,	09:09:30,		008.543097,			047.399544,			12,				486.60,			1.44,		0.95,			0,			15.85
03/11/2017,	09:09:31,		008.543083,			047.399505,			12,				486.60,			1.44,		0.95,			0,			15.46
03/11/2017,	09:09:32,		008.543071,			047.399466,			12,				486.20,			1.44,		0.95,			0,			14.28
03/11/2017,	09:09:33,		008.543087,			047.399432,			12,				485.60,			1.44,		0.95,			0,			13.83
03/11/2017,	09:09:34,		008.543128,			047.399416,			12,				485.40,			1.44,		0.95,			0,			13.29
03/11/2017,	09:09:35,		008.543174,			047.399419,			12,				485.40,			1.44,		0.95,			0,			15.01
03/11/2017,	09:09:36,		008.543218,			047.399433,			12,				485.00,			1.44,		0.95,			0,			15.55
03/11/2017,	09:09:37,		008.543253,			047.399450,			12,				483.00,			1.44,		0.95,			0,			16.25
03/11/2017,	09:09:38,		008.543297,			047.399469,			12,				482.60,			1.44,		0.95,			0,			16.68
03/11/2017,	09:09:39,		008.543345,			047.399487,			12,				481.60,			1.44,		0.95,			0,			17.03
03/11/2017,	09:09:40,		008.543399,			047.399502,			12,				480.80,			1.44,		0.95,			0,			16.65
03/11/2017,	09:09:41,		008.543454,			047.399518,			12,				480.60,			1.44,		0.95,			0,			17.78
03/11/2017,	09:09:42,		008.543510,			047.399533,			12,				480.10,			1.44,		0.95,			0,			18.00
03/11/2017,	09:09:43,		008.543571,			047.399550,			12,				480.10,			1.44,		0.95,			0,			18.11
03/11/2017,	09:09:44,		008.543631,			047.399566,			12,				479.90,			1.44,		0.95,			0,			18.25
03/11/2017,	09:09:45,		008.543691,			047.399582,			12,				479.30,			1.44,		0.97,			0,			18.42
03/11/2017,	09:09:46,		008.543752,			047.399597,			12,				478.70,			1.44,		0.97,			0,			18.52
03/11/2017,	09:09:47,		008.543812,			047.399614,			12,				478.40,			1.44,		0.97,			0,			18.38
03/11/2017,	09:09:48,		008.543876,			047.399630,			12,				478.70,			1.47,		1.02,			0,			18.83
03/11/2017,	09:09:49,		008.543942,			047.399645,			12,				478.90,			1.47,		1.02,			0,			18.61
03/11/2017,	09:09:50,		008.544006,			047.399663,			12,				479.10,			1.47,		1.02,			0,			18.33
03/11/2017,	09:09:51,		008.544069,			047.399677,			12,				478.90,			1.47,		1.02,			0,			19.59
03/11/2017,	09:09:52,		008.544136,			047.399693,			12,				478.80,			1.47,		1.02,			0,			18.54
03/11/2017,	09:09:53,		008.544202,			047.399705,			12,				478.70,			1.47,		1.02,			0,			19.13
03/11/2017,	09:09:54,		008.544270,			047.399716,			12,				478.60,			1.47,		1.02,			0,			19.65
03/11/2017,	09:09:55,		008.544340,			047.399727,			12,				478.40,			1.47,		1.02,			0,			20.73
03/11/2017,	09:09:56,		008.544412,			047.399740,			12,				478.50,			1.47,		1.02,			0,			19.88
03/11/2017,	09:09:57,		008.544486,			047.399744,			12,				478.40,			1.72,		1.28,			0,			17.82
03/11/2017,	09:09:58,		008.544552,			047.399747,			12,				479.00,			1.44,		0.95,			0,			17.70
03/11/2017,	09:09:59,		008.544618,			047.399743,			12,				479.00,			1.72,		1.29,			0,			17.13
03/11/2017,	09:10:00,		008.544682,			047.399744,			12,				479.20,			1.72,		1.29,			0,			17.20
03/11/2017,	09:10:01,		008.544744,			047.399749,			12,				479.30,			1.72,		1.29,			0,			12.19
03/11/2017,	09:10:02,		008.544786,			047.399764,			12,				481.00,			1.44,		0.95,			0,			11.69
03/11/2017,	09:10:03,		008.544823,			047.399783,			12,				482.70,			1.44,		0.95,			0,			14.97
03/11/2017,	09:10:04,		008.544871,			047.399800,			12,				483.10,			1.44,		0.95,			0,			18.52
03/11/2017,	09:10:05,		008.544934,			047.399822,			12,				484.80,			1.47,		1.02,			0,			18.81
03/11/2017,	09:10:06,		008.544996,			047.399843,			12,				485.50,			1.47,		1.02,			0,			20.50
03/11/2017,	09:10:07,		008.545065,			047.399861,			12,				484.80,			1.47,		1.02,			0,			19.85
03/11/2017,	09:10:08,		008.545135,			047.399876,			12,				484.70,			1.47,		1.02,			0,			19.93
03/11/2017,	09:10:09,		008.545204,			047.399893,			12,				485.10,			1.47,		1.02,			0,			19.90
03/11/2017,	09:10:10,		008.545274,			047.399911,			12,				485.50,			1.47,		1.02,			0,			21.31
03/11/2017,	09:10:11,		008.545348,			047.399929,			12,				485.40,			1.47,		1.02,			0,			22.35
03/11/2017,	09:10:12,		008.545427,			047.399947,			12,				485.90,			1.47,		1.02,			0,			21.46
03/11/2017,	09:10:13,		008.545512,			047.399955,			12,				484.80,			1.47,		1.02,			0,			21.81
03/11/2017,	09:10:14,		008.545594,			047.399965,			12,				484.70,			1.47,		1.02,			0,			21.67
03/11/2017,	09:10:15,		008.545674,			047.399975,			12,				484.70,			1.47,		1.02,			0,			21.67
03/11/2017,	09:10:16,		008.545752,			047.399988,			12,				485.30,			1.47,		1.02,			0,			21.41
03/11/2017,	09:10:17,		008.545829,			047.399998,			12,				485.40,			1.47,		1.02,			0,			20.88
03/11/2017,	09:10:18,		008.545904,			047.400007,			12,				485.20,			1.47,		1.02,			0,			20.18
03/11/2017,	09:10:19,		008.545976,			047.400017,			12,				485.00,			1.72,		1.29,			0,			19.66
03/11/2017,	09:10:20,		008.546046,			047.400031,			12,				484.90,			1.47,		1.02,			0,			19.71
03/11/2017,	09:10:21,		008.546114,			047.400050,			12,				485.60,			1.47,		1.02,			0,			20.21
03/11/2017,	09:10:22,		008.546184,			047.400069,			12,				486.20,			1.47,		1.02,			0,			18.88
03/11/2017,	09:10:23,		008.546255,			047.400073,			12,				486.10,			1.47,		1.02,			0,			17.58
03/11/2017,	09:10:24,		008.546321,			047.400078,			12,				486.40,			1.47,		1.02,			0,			16.51
03/11/2017,	09:10:25,		008.546386,			047.400076,			12,				486.40,			1.47,		1.02,			0,			16.25
03/11/2017,	09:10:26,		008.546448,			047.400077,			12,				486.90,			1.47,		1.02,			0,			16.25
03/11/2017,	09:10:27,		008.546510,			047.400073,			12,				487.10,			1.47,		1.02,			0,			15.92
03/11/2017,	09:10:28,		008.546570,			047.400069,			12,				487.10,			1.47,		1.02,			0,			15.35
03/11/2017,	09:10:29,		008.546630,			047.400064,			12,				486.90,			1.47,		1.02,			0,			14.38
03/11/2017,	09:10:30,		008.546684,			047.400061,			12,				487.00,			1.47,		1.02,			0,			12.42
03/11/2017,	09:10:31,		008.546734,			047.400059,			12,				487.40,			1.47,		0.98,			0,			12.68
03/11/2017,	09:10:32,		008.546783,			047.400054,			12,				487.70,			1.72,		1.26,			0,			12.82
03/11/2017,	09:10:33,		008.546830,			047.400048,			12,				488.10,			1.47,		0.98,			0,			12.98
03/11/2017,	09:10:34,		008.546879,			047.400043,			12,				488.90,			1.44,		0.93,			0,			12.19
03/11/2017,	09:10:35,		008.546926,			047.400038,			12,				489.60,			1.44,		0.93,			0,			12.40
03/11/2017,	09:10:36,		008.546972,			047.400026,			12,				490.00,			1.44,		0.93,			0,			10.94
03/11/2017,	09:10:37,		008.547011,			047.400011,			12,				490.10,			1.44,		0.92,			0,			12.02
03/11/2017,	09:10:38,		008.547050,			047.399987,			12,				489.70,			1.44,		0.92,			0,			12.67
03/11/2017,	09:10:39,		008.547087,			047.399965,			12,				489.90,			1.44,		0.92,			0,			12.60
03/11/2017,	09:10:40,		008.547121,			047.399941,			12,				490.40,			1.44,		0.92,			0,			11.34
03/11/2017,	09:10:41,		008.547147,			047.399906,			12,				489.30,			1.44,		0.92,			0,			12.03
03/11/2017,	09:10:42,		008.547173,			047.399878,			12,				489.20,			1.44,		0.92,			0,			12.52
03/11/2017,	09:10:43,		008.547197,			047.399850,			12,				489.30,			1.44,		0.92,			0,			11.79
03/11/2017,	09:10:44,		008.547223,			047.399823,			12,				489.10,			1.44,		0.92,			0,			10.88
03/11/2017,	09:10:45,		008.547249,			047.399797,			12,				488.60,			1.44,		0.92,			0,			10.99
03/11/2017,	09:10:46,		008.547272,			047.399768,			12,				487.50,			1.44,		0.92,			0,			10.50
03/11/2017,	09:10:47,		008.547300,			047.399746,			12,				487.40,			1.44,		0.92,			0,			11.98
03/11/2017,	09:10:48,		008.547333,			047.399725,			12,				487.10,			1.44,		0.92,			0,			12.55
03/11/2017,	09:10:49,		008.547366,			047.399697,			12,				486.40,			1.44,		0.92,			0,			14.16
03/11/2017,	09:10:50,		008.547394,			047.399657,			12,				485.70,			1.44,		0.92,			0,			14.76
03/11/2017,	09:10:51,		008.547411,			047.399609,			12,				484.20,			1.44,		0.92,			0,			15.38
03/11/2017,	09:10:52,		008.547421,			047.399564,			12,				484.20,			1.44,		0.92,			0,			15.32
03/11/2017,	09:10:53,		008.547422,			047.399520,			12,				484.10,			1.44,		0.92,			0,			15.37
03/11/2017,	09:10:54,		008.547417,			047.399480,			12,				484.20,			1.44,		0.92,			0,			15.53
03/11/2017,	09:10:55,		008.547406,			047.399437,			12,				484.40,			1.44,		0.92,			0,			15.64
03/11/2017,	09:10:56,		008.547394,			047.399390,			12,				484.00,			1.44,		0.92,			0,			15.36
03/11/2017,	09:10:57,		008.547381,			047.399348,			12,				484.10,			1.44,		0.92,			0,			14.77
03/11/2017,	09:10:58,		008.547369,			047.399307,			12,				483.90,			1.44,		0.92,			0,			15.23
03/11/2017,	09:10:59,		008.547356,			047.399266,			12,				483.60,			1.44,		0.92,			0,			15.18
03/11/2017,	09:11:00,		008.547340,			047.399226,			12,				483.50,			1.44,		0.92,			0,			15.21
03/11/2017,	09:11:01,		008.547321,			047.399189,			12,				483.80,			1.44,		0.92,			0,			15.25
03/11/2017,	09:11:02,		008.547300,			047.399153,			12,				484.30,			1.44,		0.92,			0,			14.52
03/11/2017,	09:11:03,		008.547273,			047.399119,			12,				484.40,			1.44,		0.92,			0,			14.48
03/11/2017,	09:11:04,		008.547242,			047.399086,			12,				484.40,			1.44,		0.92,			0,			14.73
03/11/2017,	09:11:05,		008.547211,			047.399056,			12,				484.80,			1.44,		0.92,			0,			14.44
03/11/2017,	09:11:06,		008.547180,			047.399027,			12,				484.90,			1.44,		0.92,			0,			14.66
03/11/2017,	09:11:07,		008.547148,			047.398998,			12,				484.90,			1.44,		0.92,			0,			15.67
03/11/2017,	09:11:08,		008.547113,			047.398968,			12,				484.70,			1.44,		0.92,			0,			15.53
03/11/2017,	09:11:09,		008.547080,			047.398937,			12,				485.00,			1.44,		0.92,			0,			15.26
03/11/2017,	09:11:10,		008.547052,			047.398904,			12,				485.30,			1.44,		0.92,			0,			15.51
03/11/2017,	09:11:11,		008.547025,			047.398870,			12,				485.10,			1.44,		0.92,			0,			16.56
03/11/2017,	09:11:12,		008.547000,			047.398832,			12,				485.20,			1.44,		0.92,			0,			17.03
03/11/2017,	09:11:13,		008.546981,			047.398791,			12,				486.30,			1.44,		0.92,			0,			17.34
03/11/2017,	09:11:14,		008.546958,			047.398751,			12,				486.90,			1.47,		0.94,			0,			17.20
03/11/2017,	09:11:15,		008.546932,			047.398711,			12,				487.10,			1.47,		0.94,			0,			17.23
03/11/2017,	09:11:16,		008.546903,			047.398672,			12,				487.50,			1.47,		0.94,			0,			17.21
03/11/2017,	09:11:17,		008.546872,			047.398634,			12,				487.50,			1.47,		0.94,			0,			17.21
03/11/2017,	09:11:18,		008.546842,			047.398596,			12,				487.80,			1.47,		0.94,			0,			17.37
03/11/2017,	09:11:19,		008.546810,			047.398559,			12,				488.10,			1.47,		0.94,			0,			17.04
03/11/2017,	09:11:20,		008.546777,			047.398522,			12,				488.40,			1.47,		0.94,			0,			17.22
03/11/2017,	09:11:21,		008.546747,			047.398484,			12,				488.60,			1.44,		0.92,			0,			17.48
03/11/2017,	09:11:22,		008.546719,			047.398446,			12,				489.30,			1.44,		0.92,			0,			17.35
03/11/2017,	09:11:23,		008.546691,			047.398406,			12,				489.70,			1.44,		0.92,			0,			17.07
03/11/2017,	09:11:24,		008.546668,			047.398367,			12,				490.20,			1.44,		0.92,			0,			16.98
03/11/2017,	09:11:25,		008.546640,			047.398329,			12,				490.60,			1.34,		0.86,			0,			17.08
03/11/2017,	09:11:26,		008.546611,			047.398290,			12,				490.90,			1.34,		0.86,			0,			17.29
03/11/2017,	09:11:27,		008.546581,			047.398251,			12,				491.10,			1.69,		0.96,			0,			17.64
03/11/2017,	09:11:28,		008.546552,			047.398211,			12,				491.20,			1.51,		0.90,			0,			17.25
03/11/2017,	09:11:29,		008.546528,			047.398172,			12,				491.60,			1.51,		0.90,			0,			17.54
03/11/2017,	09:11:30,		008.546505,			047.398132,			12,				492.10,			1.51,		0.90,			0,			16.89
03/11/2017,	09:11:31,		008.546483,			047.398092,			12,				492.50,			1.51,		0.90,			0,			16.15
03/11/2017,	09:11:32,		008.546467,			047.398056,			12,				493.10,			1.34,		0.86,			0,			15.79
03/11/2017,	09:11:33,		008.546444,			047.398022,			12,				493.40,			1.51,		0.90,			0,			16.04
03/11/2017,	09:11:34,		008.546412,			047.397990,			12,				493.70,			1.69,		0.96,			0,			15.92
03/11/2017,	09:11:35,		008.546378,			047.397958,			7,				493.60,			2.23,		1.67,			0,			15.47
03/11/2017,	09:11:36,		008.546340,			047.397929,			10,				494.00,			1.78,		1.07,			0,			14.77
03/11/2017,	09:11:37,		008.546305,			047.397899,			6,				494.00,			3.02,		2.29,			0,			13.95
03/11/2017,	09:11:38,		008.546293,			047.397865,			5,				493.70,			2.89,		2.65,			0,			13.48
03/11/2017,	09:11:39,		008.546255,			047.397840,			5,				493.80,			2.89,		2.65,			0,			0.00
03/11/2017,	09:11:41,		008.546148,			047.397797,			4,				493.90,			4.45,		4.50,			0,			11.69
03/11/2017,	09:11:42,		008.546186,			047.397748,			5,				494.00,			2.61,		2.93,			0,			14.00
03/11/2017,	09:11:43,		008.546061,			047.397740,			10,				494.80,			1.79,		1.08,			0,			17.99
03/11/2017,	09:11:44,		008.546093,			047.397630,			9,				494.80,			2.23,		1.24,			0,			15.53
03/11/2017,	09:11:45,		008.546112,			047.397562,			10,				495.00,			1.89,		1.24,			0,			15.06
03/11/2017,	09:11:46,		008.546091,			047.397534,			10,				496.50,			1.89,		1.24,			0,			14.33
03/11/2017,	09:11:47,		008.546025,			047.397489,			11,				496.30,			1.71,		1.04,			0,			14.62
03/11/2017,	09:11:48,		008.545979,			047.397454,			12,				496.00,			1.69,		0.96,			0,			15.65
03/11/2017,	09:11:49,		008.545935,			047.397424,			12,				496.40,			1.69,		0.96,			0,			16.10
03/11/2017,	09:11:50,		008.545890,			047.397397,			12,				496.30,			1.69,		0.97,			0,			14.80
03/11/2017,	09:11:51,		008.545843,			047.397373,			12,				495.80,			1.69,		0.97,			0,			14.18
03/11/2017,	09:11:52,		008.545795,			047.397349,			12,				495.40,			1.69,		0.97,			0,			13.88
03/11/2017,	09:11:53,		008.545767,			047.397319,			12,				496.00,			1.69,		0.97,			0,			12.90
03/11/2017,	09:11:54,		008.545737,			047.397293,			12,				496.00,			1.51,		0.90,			0,			13.24
03/11/2017,	09:11:55,		008.545693,			047.397270,			12,				494.60,			1.51,		0.90,			0,			13.60
03/11/2017,	09:11:56,		008.545645,			047.397250,			12,				494.00,			1.51,		0.90,			0,			14.44
03/11/2017,	09:11:57,		008.545592,			047.397232,			12,				493.90,			1.69,		0.97,			0,			14.97
03/11/2017,	09:11:58,		008.545534,			047.397215,			12,				493.10,			1.69,		0.97,			0,			14.13
03/11/2017,	09:11:59,		008.545492,			047.397198,			12,				494.00,			2.45,		1.04,			0,			13.74
03/11/2017,	09:12:00,		008.545448,			047.397182,			12,				495.00,			2.45,		1.04,			0,			12.44
03/11/2017,	09:12:01,		008.545409,			047.397167,			12,				495.70,			2.45,		1.04,			0,			9.99
03/11/2017,	09:12:02,		008.545377,			047.397155,			12,				497.90,			1.80,		0.95,			0,			10.62
03/11/2017,	09:12:03,		008.545333,			047.397157,			12,				498.40,			2.45,		1.04,			0,			11.58
03/11/2017,	09:12:04,		008.545293,			047.397175,			12,				497.80,			2.45,		1.04,			0,			13.11
03/11/2017,	09:12:05,		008.545269,			047.397203,			12,				497.60,			1.34,		0.86,			0,			13.91
03/11/2017,	09:12:06,		008.545241,			047.397238,			12,				496.20,			1.34,		0.86,			0,			14.24
03/11/2017,	09:12:07,		008.545223,			047.397278,			12,				493.20,			1.34,		0.86,			0,			14.08
03/11/2017,	09:12:08,		008.545228,			047.397313,			12,				492.60,			1.34,		0.86,			0,			13.62
03/11/2017,	09:12:09,		008.545244,			047.397345,			12,				492.40,			1.44,		0.92,			0,			12.11
03/11/2017,	09:12:10,		008.545269,			047.397371,			12,				492.30,			1.44,		0.92,			0,			10.70
03/11/2017,	09:12:11,		008.545292,			047.397392,			12,				492.40,			1.44,		0.92,			0,			11.30
03/11/2017,	09:12:12,		008.545317,			047.397415,			12,				492.50,			1.44,		0.92,			0,			12.23
03/11/2017,	09:12:13,		008.545345,			047.397437,			12,				492.00,			1.44,		0.92,			0,			13.20
03/11/2017,	09:12:14,		008.545382,			047.397461,			12,				491.40,			1.44,		0.92,			0,			12.83
03/11/2017,	09:12:15,		008.545418,			047.397482,			12,				491.50,			1.61,		0.95,			0,			13.16
03/11/2017,	09:12:16,		008.545453,			047.397502,			12,				491.00,			1.44,		0.92,			0,			13.26
03/11/2017,	09:12:17,		008.545493,			047.397520,			12,				490.90,			1.44,		0.92,			0,			12.53
03/11/2017,	09:12:18,		008.545532,			047.397536,			12,				490.70,			1.44,		0.92,			0,			12.35
03/11/2017,	09:12:19,		008.545571,			047.397552,			12,				491.00,			1.35,		0.86,			0,			12.47
03/11/2017,	09:12:20,		008.545609,			047.397568,			12,				491.10,			1.46,		0.95,			0,			12.54
03/11/2017,	09:12:21,		008.545646,			047.397586,			12,				491.20,			1.46,		0.95,			0,			12.33
03/11/2017,	09:12:22,		008.545683,			047.397604,			12,				491.50,			1.46,		0.95,			0,			13.58
03/11/2017,	09:12:23,		008.545727,			047.397619,			12,				491.70,			1.46,		0.95,			0,			13.31
03/11/2017,	09:12:24,		008.545774,			047.397628,			12,				492.00,			1.44,		0.92,			0,			12.64
03/11/2017,	09:12:25,		008.545820,			047.397634,			12,				492.00,			1.44,		0.92,			0,			13.42
03/11/2017,	09:12:26,		008.545865,			047.397648,			12,				492.10,			1.44,		0.92,			0,			12.93
03/11/2017,	09:12:27,		008.545908,			047.397662,			12,				492.50,			1.44,		0.92,			0,			12.40
03/11/2017,	09:12:28,		008.545951,			047.397673,			12,				492.70,			1.44,		0.92,			0,			12.49
03/11/2017,	09:12:29,		008.545995,			047.397682,			12,				492.90,			1.44,		0.92,			0,			12.52
03/11/2017,	09:12:30,		008.546038,			047.397691,			12,				493.30,			1.44,		0.92,			0,			12.81
03/11/2017,	09:12:31,		008.546084,			047.397699,			12,				493.30,			1.44,		0.92,			0,			12.96
03/11/2017,	09:12:32,		008.546130,			047.397708,			12,				493.30,			1.44,		0.92,			0,			12.71
03/11/2017,	09:12:33,		008.546175,			047.397712,			12,				493.60,			1.44,		0.92,			0,			13.16
03/11/2017,	09:12:34,		008.546223,			047.397709,			12,				493.70,			1.44,		0.92,			0,			13.47
03/11/2017,	09:12:35,		008.546275,			047.397700,			12,				493.80,			1.44,		0.92,			0,			13.64
03/11/2017,	09:12:36,		008.546319,			047.397685,			12,				494.10,			1.44,		0.92,			0,			13.19
03/11/2017,	09:12:37,		008.546362,			047.397670,			12,				494.50,			1.44,		0.92,			0,			12.64
03/11/2017,	09:12:38,		008.546406,			047.397660,			12,				494.90,			1.44,		0.92,			0,			14.51
03/11/2017,	09:12:39,		008.546456,			047.397648,			12,				494.90,			1.35,		0.86,			0,			15.22
03/11/2017,	09:12:40,		008.546508,			047.397636,			12,				494.90,			1.35,		0.86,			0,			16.25
03/11/2017,	09:12:41,		008.546565,			047.397626,			12,				495.00,			1.35,		0.86,			0,			16.38
03/11/2017,	09:12:42,		008.546624,			047.397616,			12,				494.90,			1.35,		0.86,			0,			16.78
03/11/2017,	09:12:43,		008.546684,			047.397604,			12,				494.70,			1.35,		0.86,			0,			16.08
03/11/2017,	09:12:44,		008.546740,			047.397590,			12,				494.80,			1.35,		0.86,			0,			15.58
03/11/2017,	09:12:45,		008.546795,			047.397578,			12,				494.60,			1.35,		0.86,			0,			15.75
03/11/2017,	09:12:46,		008.546851,			047.397567,			12,				494.50,			1.35,		0.86,			0,			15.66
03/11/2017,	09:12:47,		008.546907,			047.397558,			12,				494.40,			1.35,		0.86,			0,			15.91
03/11/2017,	09:12:48,		008.546964,			047.397547,			12,				494.50,			1.35,		0.86,			0,			15.58
03/11/2017,	09:12:49,		008.547018,			047.397534,			12,				494.40,			1.35,		0.86,			0,			15.14
03/11/2017,	09:12:50,		008.547070,			047.397521,			12,				494.50,			1.35,		0.86,			0,			14.42
03/11/2017,	09:12:51,		008.547120,			047.397508,			12,				494.40,			1.35,		0.86,			0,			13.87
03/11/2017,	09:12:52,		008.547169,			047.397495,			12,				494.40,			1.35,		0.86,			0,			13.49
03/11/2017,	09:12:53,		008.547216,			047.397481,			12,				494.20,			1.35,		0.86,			0,			13.22
03/11/2017,	09:12:54,		008.547260,			047.397466,			12,				494.00,			1.55,		1.03,			0,			12.33
03/11/2017,	09:12:55,		008.547302,			047.397452,			12,				494.10,			1.49,		0.94,			0,			10.39
03/11/2017,	09:12:56,		008.547338,			047.397439,			12,				494.00,			1.49,		0.94,			0,			6.81
03/11/2017,	09:12:57,		008.547365,			047.397432,			12,				493.90,			1.49,		0.94,			0,			0.48
03/11/2017,	09:12:58,		008.547372,			047.397429,			12,				493.80,			1.49,		0.94,			0,			0.77
03/11/2017,	09:12:59,		008.547372,			047.397431,			12,				493.80,			1.49,		0.94,			0,			0.98
03/11/2017,	09:13:00,		008.547374,			047.397430,			12,				493.60,			1.35,		0.87,			0,			1.28
03/11/2017,	09:13:01,		008.547381,			047.397426,			12,				493.10,			1.39,		0.89,			0,			0.54
03/11/2017,	09:13:02,		008.547382,			047.397425,			12,				493.10,			1.35,		0.90,			0,			0.85
03/11/2017,	09:13:03,		008.547386,			047.397426,			12,				493.40,			1.35,		0.87,			0,			0.22
03/11/2017,	09:13:04,		008.547388,			047.397428,			12,				493.60,			1.35,		0.87,			0,			0.40
03/11/2017,	09:13:05,		008.547387,			047.397424,			12,				493.40,			1.35,		0.87,			0,			1.24
03/11/2017,	09:13:06,		008.547390,			047.397423,			12,				493.30,			1.51,		0.90,			0,			0.24
03/11/2017,	09:13:07,		008.547393,			047.397422,			12,				493.30,			1.51,		0.90,			0,			0.24
03/11/2017,	09:13:08,		008.547395,			047.397423,			12,				493.50,			1.51,		0.90,			0,			1.74
03/11/2017,	09:13:09,		008.547402,			047.397423,			12,				493.60,			1.51,		0.90,			0,			0.64
03/11/2017,	09:13:10,		008.547405,			047.397422,			12,				493.80,			1.08,		0.73,			0,			0.08
03/11/2017,	09:13:11,		008.547406,			047.397422,			12,				493.80,			1.53,		0.97,			0,			0.23
03/11/2017,	09:13:12,		008.547407,			047.397421,			12,				493.60,			1.51,		0.95,			0,			0.29
03/11/2017,	09:13:13,		008.547408,			047.397420,			12,				493.80,			1.81,		0.95,			0,			0.08
03/11/2017,	09:13:14,		008.547409,			047.397420,			12,				494.00,			1.81,		0.95,			0,			0.56
03/11/2017,	09:13:15,		008.547412,			047.397420,			12,				494.10,			1.81,		0.95,			0,			0.65
03/11/2017,	09:13:16,		008.547414,			047.397420,			12,				493.90,			1.81,		0.95,			0,			1.07
03/11/2017,	09:13:17,		008.547417,			047.397419,			12,				493.80,			1.81,		0.95,			0,			0.74
03/11/2017,	09:13:18,		008.547419,			047.397418,			12,				494.00,			1.81,		0.95,			0,			1.36
03/11/2017,	09:13:19,		008.547423,			047.397416,			12,				494.00,			1.81,		0.95,			0,			0.08
03/11/2017,	09:13:20,		008.547424,			047.397415,			12,				493.90,			1.81,		0.95,			0,			0.02
03/11/2017,	09:13:21,		008.547425,			047.397415,			12,				493.90,			1.49,		0.94,			0,			1.69
03/11/2017,	09:13:22,		008.547430,			047.397415,			12,				493.70,			1.49,		0.94,			0,			2.37
03/11/2017,	09:13:23,		008.547438,			047.397411,			12,				493.70,			1.49,		0.94,			0,			4.22
03/11/2017,	09:13:24,		008.547449,			047.397406,			12,				493.40,			1.49,		0.94,			0,			4.43
03/11/2017,	09:13:25,		008.547463,			047.397401,			12,				493.40,			1.49,		0.94,			0,			5.00
03/11/2017,	09:13:26,		008.547481,			047.397398,			12,				493.50,			1.49,		0.94,			0,			4.67
03/11/2017,	09:13:27,		008.547496,			047.397394,			12,				493.00,			1.49,		0.94,			0,			4.67
03/11/2017,	09:13:28,		008.547510,			047.397392,			12,				492.00,			1.49,		0.94,			0,			4.85
03/11/2017,	09:13:29,		008.547528,			047.397392,			12,				492.20,			1.19,		0.79,			0,			4.59
03/11/2017,	09:13:30,		008.547543,			047.397387,			12,				492.00,			1.49,		0.94,			0,			4.80
03/11/2017,	09:13:31,		008.547561,			047.397383,			12,				491.80,			1.49,		0.94,			0,			4.55
03/11/2017,	09:13:32,		008.547578,			047.397380,			12,				492.00,			1.49,		0.94,			0,			4.25
03/11/2017,	09:13:33,		008.547592,			047.397378,			12,				492.70,			1.19,		0.79,			0,			4.09
03/11/2017,	09:13:34,		008.547603,			047.397371,			12,				493.00,			1.49,		0.94,			0,			4.47
03/11/2017,	09:13:35,		008.547613,			047.397361,			12,				493.20,			1.50,		0.94,			0,			4.68
03/11/2017,	09:13:36,		008.547615,			047.397346,			12,				493.30,			1.51,		0.90,			0,			4.83
03/11/2017,	09:13:37,		008.547606,			047.397331,			12,				493.50,			1.51,		0.90,			0,			4.07
03/11/2017,	09:13:38,		008.547590,			047.397322,			12,				493.90,			1.58,		0.95,			0,			2.52
03/11/2017,	09:13:39,		008.547581,			047.397318,			12,				493.60,			1.58,		0.95,			0,			1.88
03/11/2017,	09:13:40,		008.547576,			047.397317,			12,				493.40,			1.61,		0.97,			0,			0.17
03/11/2017,	09:13:41,		008.547576,			047.397318,			12,				493.30,			1.58,		0.95,			0,			0.46
03/11/2017,	09:13:42,		008.547576,			047.397319,			12,				493.00,			1.34,		0.83,			0,			0.69
03/11/2017,	09:13:43,		008.547577,			047.397319,			12,				492.50,			1.34,		0.83,			0,			0.63
03/11/2017,	09:13:44,		008.547577,			047.397319,			12,				492.20,			1.34,		0.83,			0,			0.45
03/11/2017,	09:13:45,		008.547578,			047.397319,			12,				492.20,			1.34,		0.83,			0,			0.35
03/11/2017,	09:13:46,		008.547579,			047.397319,			12,				492.30,			1.34,		0.83,			0,			1.12
03/11/2017,	09:13:47,		008.547577,			047.397316,			12,				492.40,			1.34,		0.83,			0,			0.35
03/11/2017,	09:13:48,		008.547578,			047.397311,			12,				493.00,			1.19,		0.79,			0,			0.87
03/11/2017,	09:13:49,		008.547581,			047.397311,			12,				493.20,			1.19,		0.79,			0,			3.78
03/11/2017,	09:13:50,		008.547593,			047.397313,			12,				493.40,			1.19,		0.79,			0,			4.85
03/11/2017,	09:13:51,		008.547602,			047.397320,			12,				493.40,			1.19,		0.79,			0,			4.13
03/11/2017,	09:13:52,		008.547608,			047.397330,			12,				493.50,			1.19,		0.79,			0,			4.36
03/11/2017,	09:13:53,		008.547618,			047.397339,			12,				493.80,			1.19,		0.79,			0,			3.96
03/11/2017,	09:13:54,		008.547623,			047.397347,			12,				494.10,			1.19,		0.79,			0,			4.23
03/11/2017,	09:13:55,		008.547628,			047.397357,			12,				494.50,			1.22,		0.82,			0,			4.77
03/11/2017,	09:13:56,		008.547640,			047.397368,			12,				494.30,			1.22,		0.82,			0,			5.36
03/11/2017,	09:13:57,		008.547655,			047.397378,			12,				493.90,			1.24,		0.87,			0,			4.94
03/11/2017,	09:13:58,		008.547672,			047.397385,			12,				493.80,			1.24,		0.87,			0,			5.48
03/11/2017,	09:13:59,		008.547686,			047.397387,			12,				494.20,			1.45,		0.95,			0,			4.60
03/11/2017,	09:14:00,		008.547703,			047.397387,			12,				494.40,			1.62,		0.98,			0,			4.47
03/11/2017,	09:14:01,		008.547720,			047.397385,			12,				494.90,			1.02,		0.70,			0,			4.28
03/11/2017,	09:14:02,		008.547735,			047.397381,			12,				495.10,			1.35,		0.87,			0,			4.11
03/11/2017,	09:14:03,		008.547751,			047.397379,			12,				495.40,			1.35,		0.87,			0,			4.40
03/11/2017,	09:14:04,		008.547768,			047.397377,			12,				495.80,			1.19,		0.79,			0,			4.52
03/11/2017,	09:14:05,		008.547789,			047.397377,			12,				496.20,			1.02,		0.70,			0,			4.92
03/11/2017,	09:14:06,		008.547807,			047.397376,			12,				497.10,			1.02,		0.70,			0,			4.75
03/11/2017,	09:14:07,		008.547825,			047.397372,			12,				497.50,			0.98,		0.68,			0,			4.92
03/11/2017,	09:14:08,		008.547843,			047.397370,			12,				497.80,			0.98,		0.68,			0,			4.63
03/11/2017,	09:14:09,		008.547860,			047.397366,			12,				497.60,			0.98,		0.68,			0,			4.20
03/11/2017,	09:14:10,		008.547877,			047.397364,			12,				497.70,			0.98,		0.68,			0,			4.18
03/11/2017,	09:14:11,		008.547892,			047.397361,			12,				497.90,			1.00,		0.71,			0,			4.19
03/11/2017,	09:14:12,		008.547908,			047.397359,			12,				498.10,			1.00,		0.71,			0,			4.00
03/11/2017,	09:14:13,		008.547920,			047.397356,			12,				498.40,			1.00,		0.71,			0,			3.54
03/11/2017,	09:14:14,		008.547931,			047.397353,			12,				498.00,			1.00,		0.71,			0,			4.20
03/11/2017,	09:14:15,		008.547946,			047.397347,			12,				497.70,			1.18,		0.85,			0,			4.19
03/11/2017,	09:14:16,		008.547961,			047.397344,			12,				497.90,			1.18,		0.85,			0,			3.87
03/11/2017,	09:14:17,		008.547975,			047.397340,			12,				497.80,			1.18,		0.90,			0,			4.09
03/11/2017,	09:14:18,		008.547989,			047.397336,			12,				497.80,			1.18,		0.90,			0,			3.59
03/11/2017,	09:14:19,		008.547999,			047.397335,			12,				498.30,			1.18,		0.90,			0,			3.50
03/11/2017,	09:14:20,		008.548008,			047.397335,			12,				499.10,			1.18,		0.90,			0,			3.16
03/11/2017,	09:14:21,		008.548015,			047.397339,			12,				500.00,			1.18,		0.85,			0,			3.34
03/11/2017,	09:14:22,		008.548025,			047.397339,			12,				500.30,			1.18,		0.90,			0,			3.45
03/11/2017,	09:14:23,		008.548038,			047.397335,			12,				500.20,			1.50,		1.01,			0,			3.17
03/11/2017,	09:14:24,		008.548047,			047.397332,			12,				500.20,			1.50,		1.01,			0,			4.50
03/11/2017,	09:14:25,		008.548064,			047.397334,			12,				500.10,			1.50,		1.01,			0,			2.64
03/11/2017,	09:14:26,		008.548073,			047.397332,			12,				499.90,			1.75,		1.22,			0,			2.39
03/11/2017,	09:14:27,		008.548082,			047.397328,			12,				499.80,			1.75,		1.22,			0,			1.93
03/11/2017,	09:14:28,		008.548091,			047.397327,			12,				500.10,			1.19,		0.89,			0,			2.60
03/11/2017,	09:14:29,		008.548102,			047.397333,			11,				500.30,			1.29,		0.97,			0,			0.68
03/11/2017,	09:14:30,		008.548105,			047.397336,			12,				501.40,			1.29,		0.92,			0,			0.89
03/11/2017,	09:14:31,		008.548105,			047.397345,			12,				502.60,			1.18,		0.85,			0,			1.04
03/11/2017,	09:14:32,		008.548108,			047.397355,			12,				503.80,			1.23,		0.83,			0,			3.01
03/11/2017,	09:14:33,		008.548117,			047.397362,			12,				504.40,			1.05,		0.73,			0,			1.93
03/11/2017,	09:14:34,		008.548114,			047.397378,			12,				505.20,			1.06,		0.76,			0,			3.31
03/11/2017,	09:14:35,		008.548115,			047.397394,			12,				506.60,			1.03,		0.72,			0,			1.29
03/11/2017,	09:14:36,		008.548110,			047.397402,			12,				508.10,			1.03,		0.72,			0,			1.19
03/11/2017,	09:14:37,		008.548107,			047.397405,			12,				509.60,			1.14,		0.76,			0,			1.25
03/11/2017,	09:14:38,		008.548104,			047.397401,			11,				510.80,			1.48,		1.02,			0,			0.96
03/11/2017,	09:14:39,		008.548102,			047.397406,			11,				512.90,			1.15,		0.82,			0,			1.07
03/11/2017,	09:14:40,		008.548100,			047.397410,			12,				515.60,			1.02,		0.81,			0,			5.47
03/11/2017,	09:14:41,		008.548070,			047.397416,			12,				516.50,			1.01,		0.74,			0,			3.77
03/11/2017,	09:14:42,		008.548068,			047.397426,			12,				517.40,			1.52,		0.98,			0,			2.60
03/11/2017,	09:14:43,		008.548083,			047.397424,			12,				520.90,			1.60,		1.06,			0,			3.77
03/11/2017,	09:14:44,		008.548054,			047.397419,			12,				522.70,			1.30,		0.93,			0,			5.74
03/11/2017,	09:14:45,		008.548072,			047.397443,			12,				524.00,			1.01,		0.74,			0,			6.21
03/11/2017,	09:14:46,		008.548059,			047.397468,			11,				526.50,			1.09,		0.82,			0,			7.85
03/11/2017,	09:14:47,		008.548036,			047.397486,			10,				528.20,			1.53,		1.15,			0,			6.98
03/11/2017,	09:14:48,		008.548032,			047.397502,			9,				529.60,			1.54,		1.18,			0,			8.06
03/11/2017,	09:14:49,		008.548017,			047.397511,			10,				531.90,			1.61,		1.19,			0,			8.06
03/11/2017,	09:14:50,		008.548008,			047.397530,			9,				533.50,			1.56,		1.11,			0,			8.06
03/11/2017,	09:14:51,		008.548000,			047.397550,			9,				535.10,			1.56,		1.11,			0,			7.41
03/11/2017,	09:14:52,		008.548016,			047.397576,			8,				537.70,			1.76,		1.27,			0,			0.00
03/11/2017,	09:15:28,		008.549234,			047.396791,			5,				532.30,			3.21,		1.85,			0,			0.90
03/11/2017,	09:15:29,		008.549220,			047.396783,			7,				528.00,			3.20,		1.73,			0,			4.13
03/11/2017,	09:15:30,		008.549211,			047.396769,			8,				526.60,			2.93,		1.72,			0,			4.44
03/11/2017,	09:15:31,		008.549209,			047.396757,			9,				529.90,			2.77,		1.46,			0,			3.55
03/11/2017,	09:15:32,		008.549208,			047.396767,			10,				529.70,			2.66,		1.15,			0,			4.14
03/11/2017,	09:15:33,		008.549181,			047.396771,			10,				528.50,			2.66,		1.15,			0,			5.39
03/11/2017,	09:15:34,		008.549160,			047.396763,			11,				533.30,			1.90,		1.09,			0,			6.01
03/11/2017,	09:15:35,		008.549138,			047.396755,			11,				532.10,			1.90,		1.09,			0,			5.28
03/11/2017,	09:15:36,		008.549116,			047.396752,			12,				527.80,			1.68,		1.00,			0,			3.79
03/11/2017,	09:15:37,		008.549119,			047.396754,			12,				529.10,			1.50,		0.95,			0,			3.14
03/11/2017,	09:15:38,		008.549116,			047.396756,			12,				528.80,			1.50,		0.95,			0,			3.32
03/11/2017,	09:15:39,		008.549116,			047.396765,			12,				528.00,			1.58,		1.00,			0,			2.94
03/11/2017,	09:15:40,		008.549121,			047.396781,			12,				529.00,			1.58,		1.00,			0,			2.19
03/11/2017,	09:15:41,		008.549124,			047.396783,			12,				528.70,			1.50,		0.95,			0,			2.19
03/11/2017,	09:15:42,		008.549121,			047.396788,			12,				527.70,			1.50,		0.95,			0,			2.38
03/11/2017,	09:15:43,		008.549117,			047.396791,			12,				527.60,			1.36,		0.87,			0,			3.49
03/11/2017,	09:15:44,		008.549107,			047.396791,			12,				527.70,			1.36,		0.87,			0,			3.78
03/11/2017,	09:15:45,		008.549095,			047.396799,			12,				529.10,			1.40,		0.90,			0,			3.83
03/11/2017,	09:15:46,		008.549085,			047.396800,			11,				528.30,			1.71,		1.10,			0,			2.96
03/11/2017,	09:15:47,		008.549089,			047.396786,			12,				526.40,			1.50,		0.91,			0,			2.72
03/11/2017,	09:15:48,		008.549111,			047.396768,			12,				525.70,			1.57,		0.95,			0,			2.95
03/11/2017,	09:15:49,		008.549124,			047.396763,			12,				525.70,			1.57,		0.95,			0,			3.46
03/11/2017,	09:15:50,		008.549126,			047.396753,			12,				525.40,			1.43,		0.92,			0,			4.07
03/11/2017,	09:15:51,		008.549121,			047.396731,			11,				523.60,			2.73,		1.23,			0,			3.84
03/11/2017,	09:15:52,		008.549123,			047.396724,			12,				523.00,			1.32,		0.94,			0,			3.54
03/11/2017,	09:15:53,		008.549126,			047.396719,			12,				522.30,			1.32,		0.94,			0,			2.63
03/11/2017,	09:15:54,		008.549183,			047.396768,			12,				530.60,			1.26,		0.85,			0,			2.91
03/11/2017,	09:15:55,		008.549198,			047.396766,			12,				530.20,			1.26,		0.85,			0,			3.07
03/11/2017,	09:15:56,		008.549211,			047.396764,			11,				529.80,			1.30,		0.88,			0,			2.79
03/11/2017,	09:15:57,		008.549188,			047.396743,			12,				527.40,			1.26,		0.81,			0,			3.07
03/11/2017,	09:15:58,		008.549200,			047.396737,			12,				527.00,			1.44,		0.84,			0,			3.07
03/11/2017,	09:15:59,		008.549208,			047.396731,			10,				526.70,			1.78,		1.05,			0,			2.97
03/11/2017,	09:16:00,		008.549226,			047.396736,			9,				530.60,			1.58,		1.02,			0,			2.97
03/11/2017,	09:16:01,		008.549233,			047.396731,			9,				530.40,			1.35,		0.99,			0,			3.29
03/11/2017,	09:16:02,		008.549249,			047.396724,			11,				530.20,			1.33,		0.88,			0,			2.89
03/11/2017,	09:16:03,		008.549286,			047.396727,			12,				529.80,			1.28,		0.84,			0,			2.41
03/11/2017,	09:16:04,		008.549287,			047.396725,			11,				529.70,			1.60,		0.97,			0,			2.75
03/11/2017,	09:16:05,		008.549302,			047.396720,			12,				529.50,			1.25,		0.82,			0,			3.21
03/11/2017,	09:16:06,		008.549328,			047.396722,			9,				530.20,			1.69,		1.21,			0,			3.34
03/11/2017,	09:16:07,		008.549341,			047.396718,			9,				530.10,			1.69,		1.21,			0,			2.52
03/11/2017,	09:16:08,		008.549337,			047.396716,			9,				529.90,			1.69,		1.21,			0,			2.39
03/11/2017,	09:16:09,		008.549373,			047.396728,			10,				533.70,			1.40,		1.05,			0,			0.00
03/11/2017,	09:17:19,		008.549090,			047.396291,			6,				517.20,			1.37,		1.49,			0,			3.20
03/11/2017,	09:17:20,		008.549226,			047.396247,			6,				511.30,			1.37,		1.49,			0,			11.06
03/11/2017,	09:17:21,		008.549148,			047.396276,			8,				512.00,			1.53,		1.07,			0,			4.42
03/11/2017,	09:17:22,		008.549196,			047.396251,			8,				511.70,			1.22,		0.98,			0,			1.26
03/11/2017,	09:17:23,		008.549217,			047.396235,			8,				511.90,			1.22,		0.98,			0,			0.34
03/11/2017,	09:17:24,		008.549227,			047.396237,			7,				510.60,			1.33,		1.03,			0,			1.34
03/11/2017,	09:17:25,		008.549260,			047.396225,			8,				510.70,			1.32,		0.94,			0,			1.83
03/11/2017,	09:17:26,		008.549284,			047.396214,			8,				511.00,			1.32,		0.94,			0,			0.86
03/11/2017,	09:17:27,		008.549281,			047.396220,			8,				511.70,			1.32,		0.94,			0,			0.62
03/11/2017,	09:17:28,		008.549292,			047.396221,			10,				510.90,			1.10,		0.87,			0,			0.57
03/11/2017,	09:17:29,		008.549288,			047.396220,			10,				512.20,			1.10,		0.87,			0,			0.65
03/11/2017,	09:17:30,		008.549290,			047.396223,			9,				512.30,			1.14,		0.90,			0,			0.73
03/11/2017,	09:17:31,		008.549289,			047.396226,			8,				512.10,			1.32,		0.94,			0,			0.20
03/11/2017,	09:17:32,		008.549293,			047.396229,			8,				511.80,			1.32,		0.94,			0,			0.14
03/11/2017,	09:17:33,		008.549289,			047.396232,			10,				512.10,			1.11,		0.86,			0,			0.14
03/11/2017,	09:17:34,		008.549279,			047.396237,			10,				512.70,			1.04,		0.86,			0,			1.01
03/11/2017,	09:17:35,		008.549265,			047.396242,			10,				513.50,			1.04,		0.86,			0,			0.49
03/11/2017,	09:17:36,		008.549255,			047.396244,			10,				514.50,			1.04,		0.86,			0,			0.26
03/11/2017,	09:17:37,		008.549241,			047.396249,			11,				515.60,			1.02,		0.81,			0,			0.51
03/11/2017,	09:17:38,		008.549221,			047.396258,			12,				516.40,			1.02,		0.77,			0,			0.05
03/11/2017,	09:17:39,		008.549207,			047.396264,			12,				517.30,			1.02,		0.77,			0,			0.06
03/11/2017,	09:17:40,		008.549200,			047.396270,			11,				517.50,			1.11,		0.79,			0,			0.29
03/11/2017,	09:17:41,		008.549196,			047.396274,			11,				517.60,			1.21,		0.82,			0,			0.44
03/11/2017,	09:17:42,		008.549194,			047.396276,			11,				517.60,			1.21,		0.82,			0,			0.47
03/11/2017,	09:17:43,		008.549193,			047.396278,			10,				517.30,			1.26,		0.86,			0,			1.61
03/11/2017,	09:17:44,		008.549200,			047.396275,			9,				517.40,			1.26,		0.94,			0,			2.01
03/11/2017,	09:17:45,		008.549202,			047.396274,			9,				518.20,			1.18,		0.91,			0,			2.23
03/11/2017,	09:17:46,		008.549211,			047.396272,			9,				517.80,			1.26,		0.86,			0,			1.32
03/11/2017,	09:17:47,		008.549211,			047.396271,			8,				517.60,			1.26,		0.94,			0,			0.65
03/11/2017,	09:17:48,		008.549211,			047.396272,			9,				517.10,			1.26,		0.94,			0,			0.33
03/11/2017,	09:17:49,		008.549206,			047.396273,			10,				516.60,			1.26,		0.86,			0,			0.06
03/11/2017,	09:23:57,		Charging,				NA,				NA,				NA,				NA,			NA,				0,			NA
